"catalogId","makam","form","usul","title","composer","availableFormats","hasPdf","hasMusicXml","hasTxt","hasOfficialSymbTrMetadata","hasCuratedReference","missingCuratedReference","curationDecisionStatus","curationDecisionReason","curationDecisionReviewedAt","deferredFromNextBatch","priorityGroup","curationPriorityScore","officialZenodoUrl","officialGithubUrl","scoreSearchQuery","scoreSearchUrl","scoreSourceHintQueries","scoreSourceHintUrls","recordingSearchQuery","recordingSearchUrl"
"ussak--ilahi--duyek--dostun_senden--ali_rifat_cagatay","Ussak","İlahi","Duyek","Dostun Senden","Ali Rifat Cagatay","txt|mid|xml|mu2|pdf","true","true","true","true","false","true","","","","false","pdf-and-musicxml","-72","https://zenodo.org/records/15470412","https://github.com/MTG/SymbTr","Ussak İlahi Dostun Senden Ali Rifat Cagatay nota","https://duckduckgo.com/?q=Ussak+%C4%B0lahi+Dostun+Senden+Ali+Rifat+Cagatay+nota","Ussak İlahi Dostun Senden Ali Rifat Cagatay site:neyzen.com nota | Ussak İlahi Dostun Senden Ali Rifat Cagatay site:defteriniz.com nota | Ussak İlahi Dostun Senden Ali Rifat Cagatay site:turksanatmuzigi.org nota","https://duckduckgo.com/?q=Ussak+%C4%B0lahi+Dostun+Senden+Ali+Rifat+Cagatay+site%3Aneyzen.com+nota | https://duckduckgo.com/?q=Ussak+%C4%B0lahi+Dostun+Senden+Ali+Rifat+Cagatay+site%3Adefteriniz.com+nota | https://duckduckgo.com/?q=Ussak+%C4%B0lahi+Dostun+Senden+Ali+Rifat+Cagatay+site%3Aturksanatmuzigi.org+nota","Ussak İlahi Dostun Senden Ali Rifat Cagatay icra kayıt YouTube","https://www.youtube.com/results?search_query=Ussak+%C4%B0lahi+Dostun+Senden+Ali+Rifat+Cagatay+icra+kay%C4%B1t+YouTube"
"ussak--ilahi--sofyan--ey_sehinsah-i--tiznam_yusuf_celebi","Ussak","İlahi","Sofyan","Ey Sehinsah İ","Tiznam Yusuf Celebi","txt|mid|xml|mu2|pdf","true","true","true","true","false","true","","","","false","pdf-and-musicxml","-72","https://zenodo.org/records/15470412","https://github.com/MTG/SymbTr","Ussak İlahi Ey Sehinsah İ Tiznam Yusuf Celebi nota","https://duckduckgo.com/?q=Ussak+%C4%B0lahi+Ey+Sehinsah+%C4%B0+Tiznam+Yusuf+Celebi+nota","Ussak İlahi Ey Sehinsah İ Tiznam Yusuf Celebi site:neyzen.com nota | Ussak İlahi Ey Sehinsah İ Tiznam Yusuf Celebi site:defteriniz.com nota | Ussak İlahi Ey Sehinsah İ Tiznam Yusuf Celebi site:turksanatmuzigi.org nota","https://duckduckgo.com/?q=Ussak+%C4%B0lahi+Ey+Sehinsah+%C4%B0+Tiznam+Yusuf+Celebi+site%3Aneyzen.com+nota | https://duckduckgo.com/?q=Ussak+%C4%B0lahi+Ey+Sehinsah+%C4%B0+Tiznam+Yusuf+Celebi+site%3Adefteriniz.com+nota | https://duckduckgo.com/?q=Ussak+%C4%B0lahi+Ey+Sehinsah+%C4%B0+Tiznam+Yusuf+Celebi+site%3Aturksanatmuzigi.org+nota","Ussak İlahi Ey Sehinsah İ Tiznam Yusuf Celebi icra kayıt YouTube","https://www.youtube.com/results?search_query=Ussak+%C4%B0lahi+Ey+Sehinsah+%C4%B0+Tiznam+Yusuf+Celebi+icra+kay%C4%B1t+YouTube"
"ussak--ilahi--sofyan--hak_taala--ali_ufki","Ussak","İlahi","Sofyan","Hak Taala","Ali Ufki","txt|mid|xml|mu2|pdf","true","true","true","true","false","true","","","","false","pdf-and-musicxml","-72","https://zenodo.org/records/15470412","https://github.com/MTG/SymbTr","Ussak İlahi Hak Taala Ali Ufki nota","https://duckduckgo.com/?q=Ussak+%C4%B0lahi+Hak+Taala+Ali+Ufki+nota","Ussak İlahi Hak Taala Ali Ufki site:neyzen.com nota | Ussak İlahi Hak Taala Ali Ufki site:defteriniz.com nota | Ussak İlahi Hak Taala Ali Ufki site:turksanatmuzigi.org nota","https://duckduckgo.com/?q=Ussak+%C4%B0lahi+Hak+Taala+Ali+Ufki+site%3Aneyzen.com+nota | https://duckduckgo.com/?q=Ussak+%C4%B0lahi+Hak+Taala+Ali+Ufki+site%3Adefteriniz.com+nota | https://duckduckgo.com/?q=Ussak+%C4%B0lahi+Hak+Taala+Ali+Ufki+site%3Aturksanatmuzigi.org+nota","Ussak İlahi Hak Taala Ali Ufki icra kayıt YouTube","https://www.youtube.com/results?search_query=Ussak+%C4%B0lahi+Hak+Taala+Ali+Ufki+icra+kay%C4%B1t+YouTube"
"acemasiran--pesrev--duyek--son_pesrev--huseyin_fahreddin_dede","Acemasiran","Pesrev","Duyek","Son Pesrev","Huseyin Fahreddin Dede","txt|mid|xml|mu2|pdf","true","true","true","true","false","true","","","","false","pdf-and-musicxml","-72","https://zenodo.org/records/15470412","https://github.com/MTG/SymbTr","Acemasiran Pesrev Son Pesrev Huseyin Fahreddin Dede nota","https://duckduckgo.com/?q=Acemasiran+Pesrev+Son+Pesrev+Huseyin+Fahreddin+Dede+nota","Acemasiran Pesrev Son Pesrev Huseyin Fahreddin Dede site:neyzen.com nota | Acemasiran Pesrev Son Pesrev Huseyin Fahreddin Dede site:defteriniz.com nota | Acemasiran Pesrev Son Pesrev Huseyin Fahreddin Dede site:turksanatmuzigi.org nota","https://duckduckgo.com/?q=Acemasiran+Pesrev+Son+Pesrev+Huseyin+Fahreddin+Dede+site%3Aneyzen.com+nota | https://duckduckgo.com/?q=Acemasiran+Pesrev+Son+Pesrev+Huseyin+Fahreddin+Dede+site%3Adefteriniz.com+nota | https://duckduckgo.com/?q=Acemasiran+Pesrev+Son+Pesrev+Huseyin+Fahreddin+Dede+site%3Aturksanatmuzigi.org+nota","Acemasiran Pesrev Son Pesrev Huseyin Fahreddin Dede icra kayıt YouTube","https://www.youtube.com/results?search_query=Acemasiran+Pesrev+Son+Pesrev+Huseyin+Fahreddin+Dede+icra+kay%C4%B1t+YouTube"
"evic_horasani--pesrev--duyek--1--kanuni_mehmed_bey","Evic Horasani","Pesrev","Duyek","1","Kanuni Mehmed Bey","txt|mid|xml|mu2|pdf","true","true","true","true","false","true","","","","false","pdf-and-musicxml","-72","https://zenodo.org/records/15470412","https://github.com/MTG/SymbTr","Evic Horasani Pesrev 1 Kanuni Mehmed Bey nota","https://duckduckgo.com/?q=Evic+Horasani+Pesrev+1+Kanuni+Mehmed+Bey+nota","Evic Horasani Pesrev 1 Kanuni Mehmed Bey site:neyzen.com nota | Evic Horasani Pesrev 1 Kanuni Mehmed Bey site:defteriniz.com nota | Evic Horasani Pesrev 1 Kanuni Mehmed Bey site:turksanatmuzigi.org nota","https://duckduckgo.com/?q=Evic+Horasani+Pesrev+1+Kanuni+Mehmed+Bey+site%3Aneyzen.com+nota | https://duckduckgo.com/?q=Evic+Horasani+Pesrev+1+Kanuni+Mehmed+Bey+site%3Adefteriniz.com+nota | https://duckduckgo.com/?q=Evic+Horasani+Pesrev+1+Kanuni+Mehmed+Bey+site%3Aturksanatmuzigi.org+nota","Evic Horasani Pesrev 1 Kanuni Mehmed Bey icra kayıt YouTube","https://www.youtube.com/results?search_query=Evic+Horasani+Pesrev+1+Kanuni+Mehmed+Bey+icra+kay%C4%B1t+YouTube"
"acemasiran--sarki--sofyan--bakma_sakin--sakir_aga","Acemasiran","Sarki","Sofyan","Bakma Sakin","Sakir Aga","txt|mid|xml|mu2|pdf","true","true","true","true","false","true","","","","false","pdf-and-musicxml","-72","https://zenodo.org/records/15470412","https://github.com/MTG/SymbTr","Acemasiran Sarki Bakma Sakin Sakir Aga nota","https://duckduckgo.com/?q=Acemasiran+Sarki+Bakma+Sakin+Sakir+Aga+nota","Acemasiran Sarki Bakma Sakin Sakir Aga site:neyzen.com nota | Acemasiran Sarki Bakma Sakin Sakir Aga site:defteriniz.com nota | Acemasiran Sarki Bakma Sakin Sakir Aga site:turksanatmuzigi.org nota","https://duckduckgo.com/?q=Acemasiran+Sarki+Bakma+Sakin+Sakir+Aga+site%3Aneyzen.com+nota | https://duckduckgo.com/?q=Acemasiran+Sarki+Bakma+Sakin+Sakir+Aga+site%3Adefteriniz.com+nota | https://duckduckgo.com/?q=Acemasiran+Sarki+Bakma+Sakin+Sakir+Aga+site%3Aturksanatmuzigi.org+nota","Acemasiran Sarki Bakma Sakin Sakir Aga icra kayıt YouTube","https://www.youtube.com/results?search_query=Acemasiran+Sarki+Bakma+Sakin+Sakir+Aga+icra+kay%C4%B1t+YouTube"
"acemasiran--sarki--duyek--bu_hal--sadettin_kaynak","Acemasiran","Sarki","Duyek","Bu Hal","Sadettin Kaynak","txt|mid|xml|mu2|pdf","true","true","true","true","false","true","","","","false","pdf-and-musicxml","-72","https://zenodo.org/records/15470412","https://github.com/MTG/SymbTr","Acemasiran Sarki Bu Hal Sadettin Kaynak nota","https://duckduckgo.com/?q=Acemasiran+Sarki+Bu+Hal+Sadettin+Kaynak+nota","Acemasiran Sarki Bu Hal Sadettin Kaynak site:neyzen.com nota | Acemasiran Sarki Bu Hal Sadettin Kaynak site:defteriniz.com nota | Acemasiran Sarki Bu Hal Sadettin Kaynak site:turksanatmuzigi.org nota","https://duckduckgo.com/?q=Acemasiran+Sarki+Bu+Hal+Sadettin+Kaynak+site%3Aneyzen.com+nota | https://duckduckgo.com/?q=Acemasiran+Sarki+Bu+Hal+Sadettin+Kaynak+site%3Adefteriniz.com+nota | https://duckduckgo.com/?q=Acemasiran+Sarki+Bu+Hal+Sadettin+Kaynak+site%3Aturksanatmuzigi.org+nota","Acemasiran Sarki Bu Hal Sadettin Kaynak icra kayıt YouTube","https://www.youtube.com/results?search_query=Acemasiran+Sarki+Bu+Hal+Sadettin+Kaynak+icra+kay%C4%B1t+YouTube"
"acemasiran--sarki--duyek--bulutlar_kokunu--sadettin_kaynak","Acemasiran","Sarki","Duyek","Bulutlar Kokunu","Sadettin Kaynak","txt|mid|xml|mu2|pdf","true","true","true","true","false","true","","","","false","pdf-and-musicxml","-72","https://zenodo.org/records/15470412","https://github.com/MTG/SymbTr","Acemasiran Sarki Bulutlar Kokunu Sadettin Kaynak nota","https://duckduckgo.com/?q=Acemasiran+Sarki+Bulutlar+Kokunu+Sadettin+Kaynak+nota","Acemasiran Sarki Bulutlar Kokunu Sadettin Kaynak site:neyzen.com nota | Acemasiran Sarki Bulutlar Kokunu Sadettin Kaynak site:defteriniz.com nota | Acemasiran Sarki Bulutlar Kokunu Sadettin Kaynak site:turksanatmuzigi.org nota","https://duckduckgo.com/?q=Acemasiran+Sarki+Bulutlar+Kokunu+Sadettin+Kaynak+site%3Aneyzen.com+nota | https://duckduckgo.com/?q=Acemasiran+Sarki+Bulutlar+Kokunu+Sadettin+Kaynak+site%3Adefteriniz.com+nota | https://duckduckgo.com/?q=Acemasiran+Sarki+Bulutlar+Kokunu+Sadettin+Kaynak+site%3Aturksanatmuzigi.org+nota","Acemasiran Sarki Bulutlar Kokunu Sadettin Kaynak icra kayıt YouTube","https://www.youtube.com/results?search_query=Acemasiran+Sarki+Bulutlar+Kokunu+Sadettin+Kaynak+icra+kay%C4%B1t+YouTube"
"acemasiran--sarki--aksak--dinle_sozum--iii_selim","Acemasiran","Sarki","Aksak","Dinle Sozum","İii Selim","txt|mid|xml|mu2|pdf","true","true","true","true","false","true","","","","false","pdf-and-musicxml","-72","https://zenodo.org/records/15470412","https://github.com/MTG/SymbTr","Acemasiran Sarki Dinle Sozum İii Selim nota","https://duckduckgo.com/?q=Acemasiran+Sarki+Dinle+Sozum+%C4%B0ii+Selim+nota","Acemasiran Sarki Dinle Sozum İii Selim site:neyzen.com nota | Acemasiran Sarki Dinle Sozum İii Selim site:defteriniz.com nota | Acemasiran Sarki Dinle Sozum İii Selim site:turksanatmuzigi.org nota","https://duckduckgo.com/?q=Acemasiran+Sarki+Dinle+Sozum+%C4%B0ii+Selim+site%3Aneyzen.com+nota | https://duckduckgo.com/?q=Acemasiran+Sarki+Dinle+Sozum+%C4%B0ii+Selim+site%3Adefteriniz.com+nota | https://duckduckgo.com/?q=Acemasiran+Sarki+Dinle+Sozum+%C4%B0ii+Selim+site%3Aturksanatmuzigi.org+nota","Acemasiran Sarki Dinle Sozum İii Selim icra kayıt YouTube","https://www.youtube.com/results?search_query=Acemasiran+Sarki+Dinle+Sozum+%C4%B0ii+Selim+icra+kay%C4%B1t+YouTube"
"acemasiran--sarki--aksak--dustum_bir--ali_riza_avni_tinaz","Acemasiran","Sarki","Aksak","Dustum Bir","Ali Riza Avni Tinaz","txt|mid|xml|mu2|pdf","true","true","true","true","false","true","","","","false","pdf-and-musicxml","-72","https://zenodo.org/records/15470412","https://github.com/MTG/SymbTr","Acemasiran Sarki Dustum Bir Ali Riza Avni Tinaz nota","https://duckduckgo.com/?q=Acemasiran+Sarki+Dustum+Bir+Ali+Riza+Avni+Tinaz+nota","Acemasiran Sarki Dustum Bir Ali Riza Avni Tinaz site:neyzen.com nota | Acemasiran Sarki Dustum Bir Ali Riza Avni Tinaz site:defteriniz.com nota | Acemasiran Sarki Dustum Bir Ali Riza Avni Tinaz site:turksanatmuzigi.org nota","https://duckduckgo.com/?q=Acemasiran+Sarki+Dustum+Bir+Ali+Riza+Avni+Tinaz+site%3Aneyzen.com+nota | https://duckduckgo.com/?q=Acemasiran+Sarki+Dustum+Bir+Ali+Riza+Avni+Tinaz+site%3Adefteriniz.com+nota | https://duckduckgo.com/?q=Acemasiran+Sarki+Dustum+Bir+Ali+Riza+Avni+Tinaz+site%3Aturksanatmuzigi.org+nota","Acemasiran Sarki Dustum Bir Ali Riza Avni Tinaz icra kayıt YouTube","https://www.youtube.com/results?search_query=Acemasiran+Sarki+Dustum+Bir+Ali+Riza+Avni+Tinaz+icra+kay%C4%B1t+YouTube"
"acemasiran--sarki--aksak--gonlum_dusuyor--ismail_baha_surelsan","Acemasiran","Sarki","Aksak","Gonlum Dusuyor","İsmail Baha Surelsan","txt|mid|xml|mu2|pdf","true","true","true","true","false","true","","","","false","pdf-and-musicxml","-72","https://zenodo.org/records/15470412","https://github.com/MTG/SymbTr","Acemasiran Sarki Gonlum Dusuyor İsmail Baha Surelsan nota","https://duckduckgo.com/?q=Acemasiran+Sarki+Gonlum+Dusuyor+%C4%B0smail+Baha+Surelsan+nota","Acemasiran Sarki Gonlum Dusuyor İsmail Baha Surelsan site:neyzen.com nota | Acemasiran Sarki Gonlum Dusuyor İsmail Baha Surelsan site:defteriniz.com nota | Acemasiran Sarki Gonlum Dusuyor İsmail Baha Surelsan site:turksanatmuzigi.org nota","https://duckduckgo.com/?q=Acemasiran+Sarki+Gonlum+Dusuyor+%C4%B0smail+Baha+Surelsan+site%3Aneyzen.com+nota | https://duckduckgo.com/?q=Acemasiran+Sarki+Gonlum+Dusuyor+%C4%B0smail+Baha+Surelsan+site%3Adefteriniz.com+nota | https://duckduckgo.com/?q=Acemasiran+Sarki+Gonlum+Dusuyor+%C4%B0smail+Baha+Surelsan+site%3Aturksanatmuzigi.org+nota","Acemasiran Sarki Gonlum Dusuyor İsmail Baha Surelsan icra kayıt YouTube","https://www.youtube.com/results?search_query=Acemasiran+Sarki+Gonlum+Dusuyor+%C4%B0smail+Baha+Surelsan+icra+kay%C4%B1t+YouTube"
"acemasiran--sarki--sofyan--gonul_sana--sadettin_kaynak","Acemasiran","Sarki","Sofyan","Gonul Sana","Sadettin Kaynak","txt|mid|xml|mu2|pdf","true","true","true","true","false","true","","","","false","pdf-and-musicxml","-72","https://zenodo.org/records/15470412","https://github.com/MTG/SymbTr","Acemasiran Sarki Gonul Sana Sadettin Kaynak nota","https://duckduckgo.com/?q=Acemasiran+Sarki+Gonul+Sana+Sadettin+Kaynak+nota","Acemasiran Sarki Gonul Sana Sadettin Kaynak site:neyzen.com nota | Acemasiran Sarki Gonul Sana Sadettin Kaynak site:defteriniz.com nota | Acemasiran Sarki Gonul Sana Sadettin Kaynak site:turksanatmuzigi.org nota","https://duckduckgo.com/?q=Acemasiran+Sarki+Gonul+Sana+Sadettin+Kaynak+site%3Aneyzen.com+nota | https://duckduckgo.com/?q=Acemasiran+Sarki+Gonul+Sana+Sadettin+Kaynak+site%3Adefteriniz.com+nota | https://duckduckgo.com/?q=Acemasiran+Sarki+Gonul+Sana+Sadettin+Kaynak+site%3Aturksanatmuzigi.org+nota","Acemasiran Sarki Gonul Sana Sadettin Kaynak icra kayıt YouTube","https://www.youtube.com/results?search_query=Acemasiran+Sarki+Gonul+Sana+Sadettin+Kaynak+icra+kay%C4%B1t+YouTube"
"acemasiran--sarki--duyek--gonul_seni--sadettin_kaynak","Acemasiran","Sarki","Duyek","Gonul Seni","Sadettin Kaynak","txt|mid|xml|mu2|pdf","true","true","true","true","false","true","","","","false","pdf-and-musicxml","-72","https://zenodo.org/records/15470412","https://github.com/MTG/SymbTr","Acemasiran Sarki Gonul Seni Sadettin Kaynak nota","https://duckduckgo.com/?q=Acemasiran+Sarki+Gonul+Seni+Sadettin+Kaynak+nota","Acemasiran Sarki Gonul Seni Sadettin Kaynak site:neyzen.com nota | Acemasiran Sarki Gonul Seni Sadettin Kaynak site:defteriniz.com nota | Acemasiran Sarki Gonul Seni Sadettin Kaynak site:turksanatmuzigi.org nota","https://duckduckgo.com/?q=Acemasiran+Sarki+Gonul+Seni+Sadettin+Kaynak+site%3Aneyzen.com+nota | https://duckduckgo.com/?q=Acemasiran+Sarki+Gonul+Seni+Sadettin+Kaynak+site%3Adefteriniz.com+nota | https://duckduckgo.com/?q=Acemasiran+Sarki+Gonul+Seni+Sadettin+Kaynak+site%3Aturksanatmuzigi.org+nota","Acemasiran Sarki Gonul Seni Sadettin Kaynak icra kayıt YouTube","https://www.youtube.com/results?search_query=Acemasiran+Sarki+Gonul+Seni+Sadettin+Kaynak+icra+kay%C4%B1t+YouTube"
"acemasiran--sarki--aksak--gordum_seni--irfan_dogrusoz","Acemasiran","Sarki","Aksak","Gordum Seni","İrfan Dogrusoz","txt|mid|xml|mu2|pdf","true","true","true","true","false","true","","","","false","pdf-and-musicxml","-72","https://zenodo.org/records/15470412","https://github.com/MTG/SymbTr","Acemasiran Sarki Gordum Seni İrfan Dogrusoz nota","https://duckduckgo.com/?q=Acemasiran+Sarki+Gordum+Seni+%C4%B0rfan+Dogrusoz+nota","Acemasiran Sarki Gordum Seni İrfan Dogrusoz site:neyzen.com nota | Acemasiran Sarki Gordum Seni İrfan Dogrusoz site:defteriniz.com nota | Acemasiran Sarki Gordum Seni İrfan Dogrusoz site:turksanatmuzigi.org nota","https://duckduckgo.com/?q=Acemasiran+Sarki+Gordum+Seni+%C4%B0rfan+Dogrusoz+site%3Aneyzen.com+nota | https://duckduckgo.com/?q=Acemasiran+Sarki+Gordum+Seni+%C4%B0rfan+Dogrusoz+site%3Adefteriniz.com+nota | https://duckduckgo.com/?q=Acemasiran+Sarki+Gordum+Seni+%C4%B0rfan+Dogrusoz+site%3Aturksanatmuzigi.org+nota","Acemasiran Sarki Gordum Seni İrfan Dogrusoz icra kayıt YouTube","https://www.youtube.com/results?search_query=Acemasiran+Sarki+Gordum+Seni+%C4%B0rfan+Dogrusoz+icra+kay%C4%B1t+YouTube"
"acemasiran--sarki--aksak--lutfeyle_meded--dede_efendi","Acemasiran","Sarki","Aksak","Lutfeyle Meded","Dede Efendi","txt|mid|xml|mu2|pdf","true","true","true","true","false","true","","","","false","pdf-and-musicxml","-72","https://zenodo.org/records/15470412","https://github.com/MTG/SymbTr","Acemasiran Sarki Lutfeyle Meded Dede Efendi nota","https://duckduckgo.com/?q=Acemasiran+Sarki+Lutfeyle+Meded+Dede+Efendi+nota","Acemasiran Sarki Lutfeyle Meded Dede Efendi site:neyzen.com nota | Acemasiran Sarki Lutfeyle Meded Dede Efendi site:defteriniz.com nota | Acemasiran Sarki Lutfeyle Meded Dede Efendi site:turksanatmuzigi.org nota","https://duckduckgo.com/?q=Acemasiran+Sarki+Lutfeyle+Meded+Dede+Efendi+site%3Aneyzen.com+nota | https://duckduckgo.com/?q=Acemasiran+Sarki+Lutfeyle+Meded+Dede+Efendi+site%3Adefteriniz.com+nota | https://duckduckgo.com/?q=Acemasiran+Sarki+Lutfeyle+Meded+Dede+Efendi+site%3Aturksanatmuzigi.org+nota","Acemasiran Sarki Lutfeyle Meded Dede Efendi icra kayıt YouTube","https://www.youtube.com/results?search_query=Acemasiran+Sarki+Lutfeyle+Meded+Dede+Efendi+icra+kay%C4%B1t+YouTube"
"acemasiran--sarki--sofyan--nideyim_bilmem--sadettin_kaynak","Acemasiran","Sarki","Sofyan","Nideyim Bilmem","Sadettin Kaynak","txt|mid|xml|mu2|pdf","true","true","true","true","false","true","","","","false","pdf-and-musicxml","-72","https://zenodo.org/records/15470412","https://github.com/MTG/SymbTr","Acemasiran Sarki Nideyim Bilmem Sadettin Kaynak nota","https://duckduckgo.com/?q=Acemasiran+Sarki+Nideyim+Bilmem+Sadettin+Kaynak+nota","Acemasiran Sarki Nideyim Bilmem Sadettin Kaynak site:neyzen.com nota | Acemasiran Sarki Nideyim Bilmem Sadettin Kaynak site:defteriniz.com nota | Acemasiran Sarki Nideyim Bilmem Sadettin Kaynak site:turksanatmuzigi.org nota","https://duckduckgo.com/?q=Acemasiran+Sarki+Nideyim+Bilmem+Sadettin+Kaynak+site%3Aneyzen.com+nota | https://duckduckgo.com/?q=Acemasiran+Sarki+Nideyim+Bilmem+Sadettin+Kaynak+site%3Adefteriniz.com+nota | https://duckduckgo.com/?q=Acemasiran+Sarki+Nideyim+Bilmem+Sadettin+Kaynak+site%3Aturksanatmuzigi.org+nota","Acemasiran Sarki Nideyim Bilmem Sadettin Kaynak icra kayıt YouTube","https://www.youtube.com/results?search_query=Acemasiran+Sarki+Nideyim+Bilmem+Sadettin+Kaynak+icra+kay%C4%B1t+YouTube"
"acemasiran--sarki--aksak--o_tebessum--ismail_baha_surelsan","Acemasiran","Sarki","Aksak","O Tebessum","İsmail Baha Surelsan","txt|mid|xml|mu2|pdf","true","true","true","true","false","true","","","","false","pdf-and-musicxml","-72","https://zenodo.org/records/15470412","https://github.com/MTG/SymbTr","Acemasiran Sarki O Tebessum İsmail Baha Surelsan nota","https://duckduckgo.com/?q=Acemasiran+Sarki+O+Tebessum+%C4%B0smail+Baha+Surelsan+nota","Acemasiran Sarki O Tebessum İsmail Baha Surelsan site:neyzen.com nota | Acemasiran Sarki O Tebessum İsmail Baha Surelsan site:defteriniz.com nota | Acemasiran Sarki O Tebessum İsmail Baha Surelsan site:turksanatmuzigi.org nota","https://duckduckgo.com/?q=Acemasiran+Sarki+O+Tebessum+%C4%B0smail+Baha+Surelsan+site%3Aneyzen.com+nota | https://duckduckgo.com/?q=Acemasiran+Sarki+O+Tebessum+%C4%B0smail+Baha+Surelsan+site%3Adefteriniz.com+nota | https://duckduckgo.com/?q=Acemasiran+Sarki+O+Tebessum+%C4%B0smail+Baha+Surelsan+site%3Aturksanatmuzigi.org+nota","Acemasiran Sarki O Tebessum İsmail Baha Surelsan icra kayıt YouTube","https://www.youtube.com/results?search_query=Acemasiran+Sarki+O+Tebessum+%C4%B0smail+Baha+Surelsan+icra+kay%C4%B1t+YouTube"
"acemasiran--sarki--aksak--oldu_gonul--dede_efendi","Acemasiran","Sarki","Aksak","Oldu Gonul","Dede Efendi","txt|mid|xml|mu2|pdf","true","true","true","true","false","true","","","","false","pdf-and-musicxml","-72","https://zenodo.org/records/15470412","https://github.com/MTG/SymbTr","Acemasiran Sarki Oldu Gonul Dede Efendi nota","https://duckduckgo.com/?q=Acemasiran+Sarki+Oldu+Gonul+Dede+Efendi+nota","Acemasiran Sarki Oldu Gonul Dede Efendi site:neyzen.com nota | Acemasiran Sarki Oldu Gonul Dede Efendi site:defteriniz.com nota | Acemasiran Sarki Oldu Gonul Dede Efendi site:turksanatmuzigi.org nota","https://duckduckgo.com/?q=Acemasiran+Sarki+Oldu+Gonul+Dede+Efendi+site%3Aneyzen.com+nota | https://duckduckgo.com/?q=Acemasiran+Sarki+Oldu+Gonul+Dede+Efendi+site%3Adefteriniz.com+nota | https://duckduckgo.com/?q=Acemasiran+Sarki+Oldu+Gonul+Dede+Efendi+site%3Aturksanatmuzigi.org+nota","Acemasiran Sarki Oldu Gonul Dede Efendi icra kayıt YouTube","https://www.youtube.com/results?search_query=Acemasiran+Sarki+Oldu+Gonul+Dede+Efendi+icra+kay%C4%B1t+YouTube"
"acemasiran--sarki--duyek--pence-i_gamdan--misirli_udi_ibrahim_efendi","Acemasiran","Sarki","Duyek","Pence İ Gamdan","Misirli Udi İbrahim Efendi","txt|mid|xml|mu2|pdf","true","true","true","true","false","true","","","","false","pdf-and-musicxml","-72","https://zenodo.org/records/15470412","https://github.com/MTG/SymbTr","Acemasiran Sarki Pence İ Gamdan Misirli Udi İbrahim Efendi nota","https://duckduckgo.com/?q=Acemasiran+Sarki+Pence+%C4%B0+Gamdan+Misirli+Udi+%C4%B0brahim+Efendi+nota","Acemasiran Sarki Pence İ Gamdan Misirli Udi İbrahim Efendi site:neyzen.com nota | Acemasiran Sarki Pence İ Gamdan Misirli Udi İbrahim Efendi site:defteriniz.com nota | Acemasiran Sarki Pence İ Gamdan Misirli Udi İbrahim Efendi site:turksanatmuzigi.org nota","https://duckduckgo.com/?q=Acemasiran+Sarki+Pence+%C4%B0+Gamdan+Misirli+Udi+%C4%B0brahim+Efendi+site%3Aneyzen.com+nota | https://duckduckgo.com/?q=Acemasiran+Sarki+Pence+%C4%B0+Gamdan+Misirli+Udi+%C4%B0brahim+Efendi+site%3Adefteriniz.com+nota | https://duckduckgo.com/?q=Acemasiran+Sarki+Pence+%C4%B0+Gamdan+Misirli+Udi+%C4%B0brahim+Efendi+site%3Aturksanatmuzigi.org+nota","Acemasiran Sarki Pence İ Gamdan Misirli Udi İbrahim Efendi icra kayıt YouTube","https://www.youtube.com/results?search_query=Acemasiran+Sarki+Pence+%C4%B0+Gamdan+Misirli+Udi+%C4%B0brahim+Efendi+icra+kay%C4%B1t+YouTube"
"acemasiran--sarki--duyek--ruhumda_derin--kemal_gurses","Acemasiran","Sarki","Duyek","Ruhumda Derin","Kemal Gurses","txt|mid|xml|mu2|pdf","true","true","true","true","false","true","","","","false","pdf-and-musicxml","-72","https://zenodo.org/records/15470412","https://github.com/MTG/SymbTr","Acemasiran Sarki Ruhumda Derin Kemal Gurses nota","https://duckduckgo.com/?q=Acemasiran+Sarki+Ruhumda+Derin+Kemal+Gurses+nota","Acemasiran Sarki Ruhumda Derin Kemal Gurses site:neyzen.com nota | Acemasiran Sarki Ruhumda Derin Kemal Gurses site:defteriniz.com nota | Acemasiran Sarki Ruhumda Derin Kemal Gurses site:turksanatmuzigi.org nota","https://duckduckgo.com/?q=Acemasiran+Sarki+Ruhumda+Derin+Kemal+Gurses+site%3Aneyzen.com+nota | https://duckduckgo.com/?q=Acemasiran+Sarki+Ruhumda+Derin+Kemal+Gurses+site%3Adefteriniz.com+nota | https://duckduckgo.com/?q=Acemasiran+Sarki+Ruhumda+Derin+Kemal+Gurses+site%3Aturksanatmuzigi.org+nota","Acemasiran Sarki Ruhumda Derin Kemal Gurses icra kayıt YouTube","https://www.youtube.com/results?search_query=Acemasiran+Sarki+Ruhumda+Derin+Kemal+Gurses+icra+kay%C4%B1t+YouTube"
"acemasiran--sarki--duyek--sim-ten_gonca--sakir_aga","Acemasiran","Sarki","Duyek","Sim Ten Gonca","Sakir Aga","txt|mid|xml|mu2|pdf","true","true","true","true","false","true","","","","false","pdf-and-musicxml","-72","https://zenodo.org/records/15470412","https://github.com/MTG/SymbTr","Acemasiran Sarki Sim Ten Gonca Sakir Aga nota","https://duckduckgo.com/?q=Acemasiran+Sarki+Sim+Ten+Gonca+Sakir+Aga+nota","Acemasiran Sarki Sim Ten Gonca Sakir Aga site:neyzen.com nota | Acemasiran Sarki Sim Ten Gonca Sakir Aga site:defteriniz.com nota | Acemasiran Sarki Sim Ten Gonca Sakir Aga site:turksanatmuzigi.org nota","https://duckduckgo.com/?q=Acemasiran+Sarki+Sim+Ten+Gonca+Sakir+Aga+site%3Aneyzen.com+nota | https://duckduckgo.com/?q=Acemasiran+Sarki+Sim+Ten+Gonca+Sakir+Aga+site%3Adefteriniz.com+nota | https://duckduckgo.com/?q=Acemasiran+Sarki+Sim+Ten+Gonca+Sakir+Aga+site%3Aturksanatmuzigi.org+nota","Acemasiran Sarki Sim Ten Gonca Sakir Aga icra kayıt YouTube","https://www.youtube.com/results?search_query=Acemasiran+Sarki+Sim+Ten+Gonca+Sakir+Aga+icra+kay%C4%B1t+YouTube"
"acemasiran--sarki--aksak--yanar_sinem--ismet_aga","Acemasiran","Sarki","Aksak","Yanar Sinem","İsmet Aga","txt|mid|xml|mu2|pdf","true","true","true","true","false","true","","","","false","pdf-and-musicxml","-72","https://zenodo.org/records/15470412","https://github.com/MTG/SymbTr","Acemasiran Sarki Yanar Sinem İsmet Aga nota","https://duckduckgo.com/?q=Acemasiran+Sarki+Yanar+Sinem+%C4%B0smet+Aga+nota","Acemasiran Sarki Yanar Sinem İsmet Aga site:neyzen.com nota | Acemasiran Sarki Yanar Sinem İsmet Aga site:defteriniz.com nota | Acemasiran Sarki Yanar Sinem İsmet Aga site:turksanatmuzigi.org nota","https://duckduckgo.com/?q=Acemasiran+Sarki+Yanar+Sinem+%C4%B0smet+Aga+site%3Aneyzen.com+nota | https://duckduckgo.com/?q=Acemasiran+Sarki+Yanar+Sinem+%C4%B0smet+Aga+site%3Adefteriniz.com+nota | https://duckduckgo.com/?q=Acemasiran+Sarki+Yanar+Sinem+%C4%B0smet+Aga+site%3Aturksanatmuzigi.org+nota","Acemasiran Sarki Yanar Sinem İsmet Aga icra kayıt YouTube","https://www.youtube.com/results?search_query=Acemasiran+Sarki+Yanar+Sinem+%C4%B0smet+Aga+icra+kay%C4%B1t+YouTube"
"acembuselik--sarki--aksak--coktan_idim--kemenceci_usta_yani","Acembuselik","Sarki","Aksak","Coktan İdim","Kemenceci Usta Yani","txt|mid|xml|mu2|pdf","true","true","true","true","false","true","","","","false","pdf-and-musicxml","-72","https://zenodo.org/records/15470412","https://github.com/MTG/SymbTr","Acembuselik Sarki Coktan İdim Kemenceci Usta Yani nota","https://duckduckgo.com/?q=Acembuselik+Sarki+Coktan+%C4%B0dim+Kemenceci+Usta+Yani+nota","Acembuselik Sarki Coktan İdim Kemenceci Usta Yani site:neyzen.com nota | Acembuselik Sarki Coktan İdim Kemenceci Usta Yani site:defteriniz.com nota | Acembuselik Sarki Coktan İdim Kemenceci Usta Yani site:turksanatmuzigi.org nota","https://duckduckgo.com/?q=Acembuselik+Sarki+Coktan+%C4%B0dim+Kemenceci+Usta+Yani+site%3Aneyzen.com+nota | https://duckduckgo.com/?q=Acembuselik+Sarki+Coktan+%C4%B0dim+Kemenceci+Usta+Yani+site%3Adefteriniz.com+nota | https://duckduckgo.com/?q=Acembuselik+Sarki+Coktan+%C4%B0dim+Kemenceci+Usta+Yani+site%3Aturksanatmuzigi.org+nota","Acembuselik Sarki Coktan İdim Kemenceci Usta Yani icra kayıt YouTube","https://www.youtube.com/results?search_query=Acembuselik+Sarki+Coktan+%C4%B0dim+Kemenceci+Usta+Yani+icra+kay%C4%B1t+YouTube"
"acemkurdi--sarki--aksak--altin_tasta--nimet_hanim","Acemkurdi","Sarki","Aksak","Altin Tasta","Nimet Hanim","txt|mid|xml|mu2|pdf","true","true","true","true","false","true","","","","false","pdf-and-musicxml","-72","https://zenodo.org/records/15470412","https://github.com/MTG/SymbTr","Acemkurdi Sarki Altin Tasta Nimet Hanim nota","https://duckduckgo.com/?q=Acemkurdi+Sarki+Altin+Tasta+Nimet+Hanim+nota","Acemkurdi Sarki Altin Tasta Nimet Hanim site:neyzen.com nota | Acemkurdi Sarki Altin Tasta Nimet Hanim site:defteriniz.com nota | Acemkurdi Sarki Altin Tasta Nimet Hanim site:turksanatmuzigi.org nota","https://duckduckgo.com/?q=Acemkurdi+Sarki+Altin+Tasta+Nimet+Hanim+site%3Aneyzen.com+nota | https://duckduckgo.com/?q=Acemkurdi+Sarki+Altin+Tasta+Nimet+Hanim+site%3Adefteriniz.com+nota | https://duckduckgo.com/?q=Acemkurdi+Sarki+Altin+Tasta+Nimet+Hanim+site%3Aturksanatmuzigi.org+nota","Acemkurdi Sarki Altin Tasta Nimet Hanim icra kayıt YouTube","https://www.youtube.com/results?search_query=Acemkurdi+Sarki+Altin+Tasta+Nimet+Hanim+icra+kay%C4%B1t+YouTube"
"acemkurdi--sarki--duyek--artik_gelecek--arif_sami_toker","Acemkurdi","Sarki","Duyek","Artik Gelecek","Arif Sami Toker","txt|mid|xml|mu2|pdf","true","true","true","true","false","true","","","","false","pdf-and-musicxml","-72","https://zenodo.org/records/15470412","https://github.com/MTG/SymbTr","Acemkurdi Sarki Artik Gelecek Arif Sami Toker nota","https://duckduckgo.com/?q=Acemkurdi+Sarki+Artik+Gelecek+Arif+Sami+Toker+nota","Acemkurdi Sarki Artik Gelecek Arif Sami Toker site:neyzen.com nota | Acemkurdi Sarki Artik Gelecek Arif Sami Toker site:defteriniz.com nota | Acemkurdi Sarki Artik Gelecek Arif Sami Toker site:turksanatmuzigi.org nota","https://duckduckgo.com/?q=Acemkurdi+Sarki+Artik+Gelecek+Arif+Sami+Toker+site%3Aneyzen.com+nota | https://duckduckgo.com/?q=Acemkurdi+Sarki+Artik+Gelecek+Arif+Sami+Toker+site%3Adefteriniz.com+nota | https://duckduckgo.com/?q=Acemkurdi+Sarki+Artik+Gelecek+Arif+Sami+Toker+site%3Aturksanatmuzigi.org+nota","Acemkurdi Sarki Artik Gelecek Arif Sami Toker icra kayıt YouTube","https://www.youtube.com/results?search_query=Acemkurdi+Sarki+Artik+Gelecek+Arif+Sami+Toker+icra+kay%C4%B1t+YouTube"
"acemkurdi--sarki--duyek--baharla_hazan--avni_anil","Acemkurdi","Sarki","Duyek","Baharla Hazan","Avni Anil","txt|mid|xml|mu2|pdf","true","true","true","true","false","true","","","","false","pdf-and-musicxml","-72","https://zenodo.org/records/15470412","https://github.com/MTG/SymbTr","Acemkurdi Sarki Baharla Hazan Avni Anil nota","https://duckduckgo.com/?q=Acemkurdi+Sarki+Baharla+Hazan+Avni+Anil+nota","Acemkurdi Sarki Baharla Hazan Avni Anil site:neyzen.com nota | Acemkurdi Sarki Baharla Hazan Avni Anil site:defteriniz.com nota | Acemkurdi Sarki Baharla Hazan Avni Anil site:turksanatmuzigi.org nota","https://duckduckgo.com/?q=Acemkurdi+Sarki+Baharla+Hazan+Avni+Anil+site%3Aneyzen.com+nota | https://duckduckgo.com/?q=Acemkurdi+Sarki+Baharla+Hazan+Avni+Anil+site%3Adefteriniz.com+nota | https://duckduckgo.com/?q=Acemkurdi+Sarki+Baharla+Hazan+Avni+Anil+site%3Aturksanatmuzigi.org+nota","Acemkurdi Sarki Baharla Hazan Avni Anil icra kayıt YouTube","https://www.youtube.com/results?search_query=Acemkurdi+Sarki+Baharla+Hazan+Avni+Anil+icra+kay%C4%B1t+YouTube"
"acemkurdi--sarki--aksak--beyhude_yere--ercument_berker","Acemkurdi","Sarki","Aksak","Beyhude Yere","Ercument Berker","txt|mid|xml|mu2|pdf","true","true","true","true","false","true","","","","false","pdf-and-musicxml","-72","https://zenodo.org/records/15470412","https://github.com/MTG/SymbTr","Acemkurdi Sarki Beyhude Yere Ercument Berker nota","https://duckduckgo.com/?q=Acemkurdi+Sarki+Beyhude+Yere+Ercument+Berker+nota","Acemkurdi Sarki Beyhude Yere Ercument Berker site:neyzen.com nota | Acemkurdi Sarki Beyhude Yere Ercument Berker site:defteriniz.com nota | Acemkurdi Sarki Beyhude Yere Ercument Berker site:turksanatmuzigi.org nota","https://duckduckgo.com/?q=Acemkurdi+Sarki+Beyhude+Yere+Ercument+Berker+site%3Aneyzen.com+nota | https://duckduckgo.com/?q=Acemkurdi+Sarki+Beyhude+Yere+Ercument+Berker+site%3Adefteriniz.com+nota | https://duckduckgo.com/?q=Acemkurdi+Sarki+Beyhude+Yere+Ercument+Berker+site%3Aturksanatmuzigi.org+nota","Acemkurdi Sarki Beyhude Yere Ercument Berker icra kayıt YouTube","https://www.youtube.com/results?search_query=Acemkurdi+Sarki+Beyhude+Yere+Ercument+Berker+icra+kay%C4%B1t+YouTube"
"acemkurdi--sarki--duyek--bir_baska--avni_anil","Acemkurdi","Sarki","Duyek","Bir Baska","Avni Anil","txt|mid|xml|mu2|pdf","true","true","true","true","false","true","","","","false","pdf-and-musicxml","-72","https://zenodo.org/records/15470412","https://github.com/MTG/SymbTr","Acemkurdi Sarki Bir Baska Avni Anil nota","https://duckduckgo.com/?q=Acemkurdi+Sarki+Bir+Baska+Avni+Anil+nota","Acemkurdi Sarki Bir Baska Avni Anil site:neyzen.com nota | Acemkurdi Sarki Bir Baska Avni Anil site:defteriniz.com nota | Acemkurdi Sarki Bir Baska Avni Anil site:turksanatmuzigi.org nota","https://duckduckgo.com/?q=Acemkurdi+Sarki+Bir+Baska+Avni+Anil+site%3Aneyzen.com+nota | https://duckduckgo.com/?q=Acemkurdi+Sarki+Bir+Baska+Avni+Anil+site%3Adefteriniz.com+nota | https://duckduckgo.com/?q=Acemkurdi+Sarki+Bir+Baska+Avni+Anil+site%3Aturksanatmuzigi.org+nota","Acemkurdi Sarki Bir Baska Avni Anil icra kayıt YouTube","https://www.youtube.com/results?search_query=Acemkurdi+Sarki+Bir+Baska+Avni+Anil+icra+kay%C4%B1t+YouTube"
"acemkurdi--sarki--duyek--bir_sevda--arif_sami_toker","Acemkurdi","Sarki","Duyek","Bir Sevda","Arif Sami Toker","txt|mid|xml|mu2|pdf","true","true","true","true","false","true","","","","false","pdf-and-musicxml","-72","https://zenodo.org/records/15470412","https://github.com/MTG/SymbTr","Acemkurdi Sarki Bir Sevda Arif Sami Toker nota","https://duckduckgo.com/?q=Acemkurdi+Sarki+Bir+Sevda+Arif+Sami+Toker+nota","Acemkurdi Sarki Bir Sevda Arif Sami Toker site:neyzen.com nota | Acemkurdi Sarki Bir Sevda Arif Sami Toker site:defteriniz.com nota | Acemkurdi Sarki Bir Sevda Arif Sami Toker site:turksanatmuzigi.org nota","https://duckduckgo.com/?q=Acemkurdi+Sarki+Bir+Sevda+Arif+Sami+Toker+site%3Aneyzen.com+nota | https://duckduckgo.com/?q=Acemkurdi+Sarki+Bir+Sevda+Arif+Sami+Toker+site%3Adefteriniz.com+nota | https://duckduckgo.com/?q=Acemkurdi+Sarki+Bir+Sevda+Arif+Sami+Toker+site%3Aturksanatmuzigi.org+nota","Acemkurdi Sarki Bir Sevda Arif Sami Toker icra kayıt YouTube","https://www.youtube.com/results?search_query=Acemkurdi+Sarki+Bir+Sevda+Arif+Sami+Toker+icra+kay%C4%B1t+YouTube"
"acemkurdi--sarki--aksak--hatay--cevdet_cagla","Acemkurdi","Sarki","Aksak","Hatay","Cevdet Cagla","txt|mid|xml|mu2|pdf","true","true","true","true","false","true","","","","false","pdf-and-musicxml","-72","https://zenodo.org/records/15470412","https://github.com/MTG/SymbTr","Acemkurdi Sarki Hatay Cevdet Cagla nota","https://duckduckgo.com/?q=Acemkurdi+Sarki+Hatay+Cevdet+Cagla+nota","Acemkurdi Sarki Hatay Cevdet Cagla site:neyzen.com nota | Acemkurdi Sarki Hatay Cevdet Cagla site:defteriniz.com nota | Acemkurdi Sarki Hatay Cevdet Cagla site:turksanatmuzigi.org nota","https://duckduckgo.com/?q=Acemkurdi+Sarki+Hatay+Cevdet+Cagla+site%3Aneyzen.com+nota | https://duckduckgo.com/?q=Acemkurdi+Sarki+Hatay+Cevdet+Cagla+site%3Adefteriniz.com+nota | https://duckduckgo.com/?q=Acemkurdi+Sarki+Hatay+Cevdet+Cagla+site%3Aturksanatmuzigi.org+nota","Acemkurdi Sarki Hatay Cevdet Cagla icra kayıt YouTube","https://www.youtube.com/results?search_query=Acemkurdi+Sarki+Hatay+Cevdet+Cagla+icra+kay%C4%B1t+YouTube"
"acemkurdi--sarki--aksak--kir_atima--nasibin_mehmet_yuru","Acemkurdi","Sarki","Aksak","Kir Atima","Nasibin Mehmet Yuru","txt|mid|xml|mu2|pdf","true","true","true","true","false","true","","","","false","pdf-and-musicxml","-72","https://zenodo.org/records/15470412","https://github.com/MTG/SymbTr","Acemkurdi Sarki Kir Atima Nasibin Mehmet Yuru nota","https://duckduckgo.com/?q=Acemkurdi+Sarki+Kir+Atima+Nasibin+Mehmet+Yuru+nota","Acemkurdi Sarki Kir Atima Nasibin Mehmet Yuru site:neyzen.com nota | Acemkurdi Sarki Kir Atima Nasibin Mehmet Yuru site:defteriniz.com nota | Acemkurdi Sarki Kir Atima Nasibin Mehmet Yuru site:turksanatmuzigi.org nota","https://duckduckgo.com/?q=Acemkurdi+Sarki+Kir+Atima+Nasibin+Mehmet+Yuru+site%3Aneyzen.com+nota | https://duckduckgo.com/?q=Acemkurdi+Sarki+Kir+Atima+Nasibin+Mehmet+Yuru+site%3Adefteriniz.com+nota | https://duckduckgo.com/?q=Acemkurdi+Sarki+Kir+Atima+Nasibin+Mehmet+Yuru+site%3Aturksanatmuzigi.org+nota","Acemkurdi Sarki Kir Atima Nasibin Mehmet Yuru icra kayıt YouTube","https://www.youtube.com/results?search_query=Acemkurdi+Sarki+Kir+Atima+Nasibin+Mehmet+Yuru+icra+kay%C4%B1t+YouTube"
"acemkurdi--sarki--duyek--ne_kadar--arif_sami_toker","Acemkurdi","Sarki","Duyek","Ne Kadar","Arif Sami Toker","txt|mid|xml|mu2|pdf","true","true","true","true","false","true","","","","false","pdf-and-musicxml","-72","https://zenodo.org/records/15470412","https://github.com/MTG/SymbTr","Acemkurdi Sarki Ne Kadar Arif Sami Toker nota","https://duckduckgo.com/?q=Acemkurdi+Sarki+Ne+Kadar+Arif+Sami+Toker+nota","Acemkurdi Sarki Ne Kadar Arif Sami Toker site:neyzen.com nota | Acemkurdi Sarki Ne Kadar Arif Sami Toker site:defteriniz.com nota | Acemkurdi Sarki Ne Kadar Arif Sami Toker site:turksanatmuzigi.org nota","https://duckduckgo.com/?q=Acemkurdi+Sarki+Ne+Kadar+Arif+Sami+Toker+site%3Aneyzen.com+nota | https://duckduckgo.com/?q=Acemkurdi+Sarki+Ne+Kadar+Arif+Sami+Toker+site%3Adefteriniz.com+nota | https://duckduckgo.com/?q=Acemkurdi+Sarki+Ne+Kadar+Arif+Sami+Toker+site%3Aturksanatmuzigi.org+nota","Acemkurdi Sarki Ne Kadar Arif Sami Toker icra kayıt YouTube","https://www.youtube.com/results?search_query=Acemkurdi+Sarki+Ne+Kadar+Arif+Sami+Toker+icra+kay%C4%B1t+YouTube"
"acemkurdi--sarki--aksak--ruhum_su--alaeddin_yavasca","Acemkurdi","Sarki","Aksak","Ruhum Su","Alaeddin Yavasca","txt|mid|xml|mu2|pdf","true","true","true","true","false","true","","","","false","pdf-and-musicxml","-72","https://zenodo.org/records/15470412","https://github.com/MTG/SymbTr","Acemkurdi Sarki Ruhum Su Alaeddin Yavasca nota","https://duckduckgo.com/?q=Acemkurdi+Sarki+Ruhum+Su+Alaeddin+Yavasca+nota","Acemkurdi Sarki Ruhum Su Alaeddin Yavasca site:neyzen.com nota | Acemkurdi Sarki Ruhum Su Alaeddin Yavasca site:defteriniz.com nota | Acemkurdi Sarki Ruhum Su Alaeddin Yavasca site:turksanatmuzigi.org nota","https://duckduckgo.com/?q=Acemkurdi+Sarki+Ruhum+Su+Alaeddin+Yavasca+site%3Aneyzen.com+nota | https://duckduckgo.com/?q=Acemkurdi+Sarki+Ruhum+Su+Alaeddin+Yavasca+site%3Adefteriniz.com+nota | https://duckduckgo.com/?q=Acemkurdi+Sarki+Ruhum+Su+Alaeddin+Yavasca+site%3Aturksanatmuzigi.org+nota","Acemkurdi Sarki Ruhum Su Alaeddin Yavasca icra kayıt YouTube","https://www.youtube.com/results?search_query=Acemkurdi+Sarki+Ruhum+Su+Alaeddin+Yavasca+icra+kay%C4%B1t+YouTube"
"acemkurdi--sarki--duyek--unutmak_istesem--arif_sami_toker","Acemkurdi","Sarki","Duyek","Unutmak İstesem","Arif Sami Toker","txt|mid|xml|mu2|pdf","true","true","true","true","false","true","","","","false","pdf-and-musicxml","-72","https://zenodo.org/records/15470412","https://github.com/MTG/SymbTr","Acemkurdi Sarki Unutmak İstesem Arif Sami Toker nota","https://duckduckgo.com/?q=Acemkurdi+Sarki+Unutmak+%C4%B0stesem+Arif+Sami+Toker+nota","Acemkurdi Sarki Unutmak İstesem Arif Sami Toker site:neyzen.com nota | Acemkurdi Sarki Unutmak İstesem Arif Sami Toker site:defteriniz.com nota | Acemkurdi Sarki Unutmak İstesem Arif Sami Toker site:turksanatmuzigi.org nota","https://duckduckgo.com/?q=Acemkurdi+Sarki+Unutmak+%C4%B0stesem+Arif+Sami+Toker+site%3Aneyzen.com+nota | https://duckduckgo.com/?q=Acemkurdi+Sarki+Unutmak+%C4%B0stesem+Arif+Sami+Toker+site%3Adefteriniz.com+nota | https://duckduckgo.com/?q=Acemkurdi+Sarki+Unutmak+%C4%B0stesem+Arif+Sami+Toker+site%3Aturksanatmuzigi.org+nota","Acemkurdi Sarki Unutmak İstesem Arif Sami Toker icra kayıt YouTube","https://www.youtube.com/results?search_query=Acemkurdi+Sarki+Unutmak+%C4%B0stesem+Arif+Sami+Toker+icra+kay%C4%B1t+YouTube"
"acemkurdi--sarki--sofyan--yar_pesinde--zeki_duygulu","Acemkurdi","Sarki","Sofyan","Yar Pesinde","Zeki Duygulu","txt|mid|xml|mu2|pdf","true","true","true","true","false","true","","","","false","pdf-and-musicxml","-72","https://zenodo.org/records/15470412","https://github.com/MTG/SymbTr","Acemkurdi Sarki Yar Pesinde Zeki Duygulu nota","https://duckduckgo.com/?q=Acemkurdi+Sarki+Yar+Pesinde+Zeki+Duygulu+nota","Acemkurdi Sarki Yar Pesinde Zeki Duygulu site:neyzen.com nota | Acemkurdi Sarki Yar Pesinde Zeki Duygulu site:defteriniz.com nota | Acemkurdi Sarki Yar Pesinde Zeki Duygulu site:turksanatmuzigi.org nota","https://duckduckgo.com/?q=Acemkurdi+Sarki+Yar+Pesinde+Zeki+Duygulu+site%3Aneyzen.com+nota | https://duckduckgo.com/?q=Acemkurdi+Sarki+Yar+Pesinde+Zeki+Duygulu+site%3Adefteriniz.com+nota | https://duckduckgo.com/?q=Acemkurdi+Sarki+Yar+Pesinde+Zeki+Duygulu+site%3Aturksanatmuzigi.org+nota","Acemkurdi Sarki Yar Pesinde Zeki Duygulu icra kayıt YouTube","https://www.youtube.com/results?search_query=Acemkurdi+Sarki+Yar+Pesinde+Zeki+Duygulu+icra+kay%C4%B1t+YouTube"
"askefza--sarki--sofyan--kimbilir_belki--murat_demirhan","Askefza","Sarki","Sofyan","Kimbilir Belki","Murat Demirhan","txt|mid|xml|mu2|pdf","true","true","true","true","false","true","","","","false","pdf-and-musicxml","-72","https://zenodo.org/records/15470412","https://github.com/MTG/SymbTr","Askefza Sarki Kimbilir Belki Murat Demirhan nota","https://duckduckgo.com/?q=Askefza+Sarki+Kimbilir+Belki+Murat+Demirhan+nota","Askefza Sarki Kimbilir Belki Murat Demirhan site:neyzen.com nota | Askefza Sarki Kimbilir Belki Murat Demirhan site:defteriniz.com nota | Askefza Sarki Kimbilir Belki Murat Demirhan site:turksanatmuzigi.org nota","https://duckduckgo.com/?q=Askefza+Sarki+Kimbilir+Belki+Murat+Demirhan+site%3Aneyzen.com+nota | https://duckduckgo.com/?q=Askefza+Sarki+Kimbilir+Belki+Murat+Demirhan+site%3Adefteriniz.com+nota | https://duckduckgo.com/?q=Askefza+Sarki+Kimbilir+Belki+Murat+Demirhan+site%3Aturksanatmuzigi.org+nota","Askefza Sarki Kimbilir Belki Murat Demirhan icra kayıt YouTube","https://www.youtube.com/results?search_query=Askefza+Sarki+Kimbilir+Belki+Murat+Demirhan+icra+kay%C4%B1t+YouTube"
"askefza--sarki--sofyan--omrumuzun_bahari--erol_sayan","Askefza","Sarki","Sofyan","Omrumuzun Bahari","Erol Sayan","txt|mid|xml|mu2|pdf","true","true","true","true","false","true","","","","false","pdf-and-musicxml","-72","https://zenodo.org/records/15470412","https://github.com/MTG/SymbTr","Askefza Sarki Omrumuzun Bahari Erol Sayan nota","https://duckduckgo.com/?q=Askefza+Sarki+Omrumuzun+Bahari+Erol+Sayan+nota","Askefza Sarki Omrumuzun Bahari Erol Sayan site:neyzen.com nota | Askefza Sarki Omrumuzun Bahari Erol Sayan site:defteriniz.com nota | Askefza Sarki Omrumuzun Bahari Erol Sayan site:turksanatmuzigi.org nota","https://duckduckgo.com/?q=Askefza+Sarki+Omrumuzun+Bahari+Erol+Sayan+site%3Aneyzen.com+nota | https://duckduckgo.com/?q=Askefza+Sarki+Omrumuzun+Bahari+Erol+Sayan+site%3Adefteriniz.com+nota | https://duckduckgo.com/?q=Askefza+Sarki+Omrumuzun+Bahari+Erol+Sayan+site%3Aturksanatmuzigi.org+nota","Askefza Sarki Omrumuzun Bahari Erol Sayan icra kayıt YouTube","https://www.youtube.com/results?search_query=Askefza+Sarki+Omrumuzun+Bahari+Erol+Sayan+icra+kay%C4%B1t+YouTube"
"bestenigar--sarki--aksak--çok_gordu--haci_arif_bey","Bestenigar","Sarki","Aksak","çOk Gordu","Haci Arif Bey","txt|mid|xml|mu2|pdf","true","true","true","true","false","true","","","","false","pdf-and-musicxml","-72","https://zenodo.org/records/15470412","https://github.com/MTG/SymbTr","Bestenigar Sarki çOk Gordu Haci Arif Bey nota","https://duckduckgo.com/?q=Bestenigar+Sarki+%C3%A7Ok+Gordu+Haci+Arif+Bey+nota","Bestenigar Sarki çOk Gordu Haci Arif Bey site:neyzen.com nota | Bestenigar Sarki çOk Gordu Haci Arif Bey site:defteriniz.com nota | Bestenigar Sarki çOk Gordu Haci Arif Bey site:turksanatmuzigi.org nota","https://duckduckgo.com/?q=Bestenigar+Sarki+%C3%A7Ok+Gordu+Haci+Arif+Bey+site%3Aneyzen.com+nota | https://duckduckgo.com/?q=Bestenigar+Sarki+%C3%A7Ok+Gordu+Haci+Arif+Bey+site%3Adefteriniz.com+nota | https://duckduckgo.com/?q=Bestenigar+Sarki+%C3%A7Ok+Gordu+Haci+Arif+Bey+site%3Aturksanatmuzigi.org+nota","Bestenigar Sarki çOk Gordu Haci Arif Bey icra kayıt YouTube","https://www.youtube.com/results?search_query=Bestenigar+Sarki+%C3%A7Ok+Gordu+Haci+Arif+Bey+icra+kay%C4%B1t+YouTube"
"bestenigar--sarki--aksak--perisan_halin--emin_ongan","Bestenigar","Sarki","Aksak","Perisan Halin","Emin Ongan","txt|mid|xml|mu2|pdf","true","true","true","true","false","true","","","","false","pdf-and-musicxml","-72","https://zenodo.org/records/15470412","https://github.com/MTG/SymbTr","Bestenigar Sarki Perisan Halin Emin Ongan nota","https://duckduckgo.com/?q=Bestenigar+Sarki+Perisan+Halin+Emin+Ongan+nota","Bestenigar Sarki Perisan Halin Emin Ongan site:neyzen.com nota | Bestenigar Sarki Perisan Halin Emin Ongan site:defteriniz.com nota | Bestenigar Sarki Perisan Halin Emin Ongan site:turksanatmuzigi.org nota","https://duckduckgo.com/?q=Bestenigar+Sarki+Perisan+Halin+Emin+Ongan+site%3Aneyzen.com+nota | https://duckduckgo.com/?q=Bestenigar+Sarki+Perisan+Halin+Emin+Ongan+site%3Adefteriniz.com+nota | https://duckduckgo.com/?q=Bestenigar+Sarki+Perisan+Halin+Emin+Ongan+site%3Aturksanatmuzigi.org+nota","Bestenigar Sarki Perisan Halin Emin Ongan icra kayıt YouTube","https://www.youtube.com/results?search_query=Bestenigar+Sarki+Perisan+Halin+Emin+Ongan+icra+kay%C4%B1t+YouTube"
"bestenigar--sarki--aksak--sana_gul--omer_sami_gupgup","Bestenigar","Sarki","Aksak","Sana Gul","Omer Sami Gupgup","txt|mid|xml|mu2|pdf","true","true","true","true","false","true","","","","false","pdf-and-musicxml","-72","https://zenodo.org/records/15470412","https://github.com/MTG/SymbTr","Bestenigar Sarki Sana Gul Omer Sami Gupgup nota","https://duckduckgo.com/?q=Bestenigar+Sarki+Sana+Gul+Omer+Sami+Gupgup+nota","Bestenigar Sarki Sana Gul Omer Sami Gupgup site:neyzen.com nota | Bestenigar Sarki Sana Gul Omer Sami Gupgup site:defteriniz.com nota | Bestenigar Sarki Sana Gul Omer Sami Gupgup site:turksanatmuzigi.org nota","https://duckduckgo.com/?q=Bestenigar+Sarki+Sana+Gul+Omer+Sami+Gupgup+site%3Aneyzen.com+nota | https://duckduckgo.com/?q=Bestenigar+Sarki+Sana+Gul+Omer+Sami+Gupgup+site%3Adefteriniz.com+nota | https://duckduckgo.com/?q=Bestenigar+Sarki+Sana+Gul+Omer+Sami+Gupgup+site%3Aturksanatmuzigi.org+nota","Bestenigar Sarki Sana Gul Omer Sami Gupgup icra kayıt YouTube","https://www.youtube.com/results?search_query=Bestenigar+Sarki+Sana+Gul+Omer+Sami+Gupgup+icra+kay%C4%B1t+YouTube"
"bestenigar--sarki--duyek--yakti_cihani--ismet_aga","Bestenigar","Sarki","Duyek","Yakti Cihani","İsmet Aga","txt|mid|xml|mu2|pdf","true","true","true","true","false","true","","","","false","pdf-and-musicxml","-72","https://zenodo.org/records/15470412","https://github.com/MTG/SymbTr","Bestenigar Sarki Yakti Cihani İsmet Aga nota","https://duckduckgo.com/?q=Bestenigar+Sarki+Yakti+Cihani+%C4%B0smet+Aga+nota","Bestenigar Sarki Yakti Cihani İsmet Aga site:neyzen.com nota | Bestenigar Sarki Yakti Cihani İsmet Aga site:defteriniz.com nota | Bestenigar Sarki Yakti Cihani İsmet Aga site:turksanatmuzigi.org nota","https://duckduckgo.com/?q=Bestenigar+Sarki+Yakti+Cihani+%C4%B0smet+Aga+site%3Aneyzen.com+nota | https://duckduckgo.com/?q=Bestenigar+Sarki+Yakti+Cihani+%C4%B0smet+Aga+site%3Adefteriniz.com+nota | https://duckduckgo.com/?q=Bestenigar+Sarki+Yakti+Cihani+%C4%B0smet+Aga+site%3Aturksanatmuzigi.org+nota","Bestenigar Sarki Yakti Cihani İsmet Aga icra kayıt YouTube","https://www.youtube.com/results?search_query=Bestenigar+Sarki+Yakti+Cihani+%C4%B0smet+Aga+icra+kay%C4%B1t+YouTube"
"beyati--sarki--sofyan--acilan_bir--ertugrul_yalcinkaya","Beyati","Sarki","Sofyan","Acilan Bir","Ertugrul Yalcinkaya","txt|mid|xml|mu2|pdf","true","true","true","true","false","true","","","","false","pdf-and-musicxml","-72","https://zenodo.org/records/15470412","https://github.com/MTG/SymbTr","Beyati Sarki Acilan Bir Ertugrul Yalcinkaya nota","https://duckduckgo.com/?q=Beyati+Sarki+Acilan+Bir+Ertugrul+Yalcinkaya+nota","Beyati Sarki Acilan Bir Ertugrul Yalcinkaya site:neyzen.com nota | Beyati Sarki Acilan Bir Ertugrul Yalcinkaya site:defteriniz.com nota | Beyati Sarki Acilan Bir Ertugrul Yalcinkaya site:turksanatmuzigi.org nota","https://duckduckgo.com/?q=Beyati+Sarki+Acilan+Bir+Ertugrul+Yalcinkaya+site%3Aneyzen.com+nota | https://duckduckgo.com/?q=Beyati+Sarki+Acilan+Bir+Ertugrul+Yalcinkaya+site%3Adefteriniz.com+nota | https://duckduckgo.com/?q=Beyati+Sarki+Acilan+Bir+Ertugrul+Yalcinkaya+site%3Aturksanatmuzigi.org+nota","Beyati Sarki Acilan Bir Ertugrul Yalcinkaya icra kayıt YouTube","https://www.youtube.com/results?search_query=Beyati+Sarki+Acilan+Bir+Ertugrul+Yalcinkaya+icra+kay%C4%B1t+YouTube"
"beyati--sarki--duyek--askn_fecri--sadettin_kaynak","Beyati","Sarki","Duyek","Askn Fecri","Sadettin Kaynak","txt|mid|xml|mu2|pdf","true","true","true","true","false","true","","","","false","pdf-and-musicxml","-72","https://zenodo.org/records/15470412","https://github.com/MTG/SymbTr","Beyati Sarki Askn Fecri Sadettin Kaynak nota","https://duckduckgo.com/?q=Beyati+Sarki+Askn+Fecri+Sadettin+Kaynak+nota","Beyati Sarki Askn Fecri Sadettin Kaynak site:neyzen.com nota | Beyati Sarki Askn Fecri Sadettin Kaynak site:defteriniz.com nota | Beyati Sarki Askn Fecri Sadettin Kaynak site:turksanatmuzigi.org nota","https://duckduckgo.com/?q=Beyati+Sarki+Askn+Fecri+Sadettin+Kaynak+site%3Aneyzen.com+nota | https://duckduckgo.com/?q=Beyati+Sarki+Askn+Fecri+Sadettin+Kaynak+site%3Adefteriniz.com+nota | https://duckduckgo.com/?q=Beyati+Sarki+Askn+Fecri+Sadettin+Kaynak+site%3Aturksanatmuzigi.org+nota","Beyati Sarki Askn Fecri Sadettin Kaynak icra kayıt YouTube","https://www.youtube.com/results?search_query=Beyati+Sarki+Askn+Fecri+Sadettin+Kaynak+icra+kay%C4%B1t+YouTube"
"beyati--sarki--duyek--bende_oldum--rifat_bey","Beyati","Sarki","Duyek","Bende Oldum","Rifat Bey","txt|mid|xml|mu2|pdf","true","true","true","true","false","true","","","","false","pdf-and-musicxml","-72","https://zenodo.org/records/15470412","https://github.com/MTG/SymbTr","Beyati Sarki Bende Oldum Rifat Bey nota","https://duckduckgo.com/?q=Beyati+Sarki+Bende+Oldum+Rifat+Bey+nota","Beyati Sarki Bende Oldum Rifat Bey site:neyzen.com nota | Beyati Sarki Bende Oldum Rifat Bey site:defteriniz.com nota | Beyati Sarki Bende Oldum Rifat Bey site:turksanatmuzigi.org nota","https://duckduckgo.com/?q=Beyati+Sarki+Bende+Oldum+Rifat+Bey+site%3Aneyzen.com+nota | https://duckduckgo.com/?q=Beyati+Sarki+Bende+Oldum+Rifat+Bey+site%3Adefteriniz.com+nota | https://duckduckgo.com/?q=Beyati+Sarki+Bende+Oldum+Rifat+Bey+site%3Aturksanatmuzigi.org+nota","Beyati Sarki Bende Oldum Rifat Bey icra kayıt YouTube","https://www.youtube.com/results?search_query=Beyati+Sarki+Bende+Oldum+Rifat+Bey+icra+kay%C4%B1t+YouTube"
"beyati--sarki--aksak--delisin_deli--selahaddin_pinar","Beyati","Sarki","Aksak","Delisin Deli","Selahaddin Pinar","txt|mid|xml|mu2|pdf","true","true","true","true","false","true","","","","false","pdf-and-musicxml","-72","https://zenodo.org/records/15470412","https://github.com/MTG/SymbTr","Beyati Sarki Delisin Deli Selahaddin Pinar nota","https://duckduckgo.com/?q=Beyati+Sarki+Delisin+Deli+Selahaddin+Pinar+nota","Beyati Sarki Delisin Deli Selahaddin Pinar site:neyzen.com nota | Beyati Sarki Delisin Deli Selahaddin Pinar site:defteriniz.com nota | Beyati Sarki Delisin Deli Selahaddin Pinar site:turksanatmuzigi.org nota","https://duckduckgo.com/?q=Beyati+Sarki+Delisin+Deli+Selahaddin+Pinar+site%3Aneyzen.com+nota | https://duckduckgo.com/?q=Beyati+Sarki+Delisin+Deli+Selahaddin+Pinar+site%3Adefteriniz.com+nota | https://duckduckgo.com/?q=Beyati+Sarki+Delisin+Deli+Selahaddin+Pinar+site%3Aturksanatmuzigi.org+nota","Beyati Sarki Delisin Deli Selahaddin Pinar icra kayıt YouTube","https://www.youtube.com/results?search_query=Beyati+Sarki+Delisin+Deli+Selahaddin+Pinar+icra+kay%C4%B1t+YouTube"
"beyati--sarki--duyek--dilbera_sazin--tanburi_isak","Beyati","Sarki","Duyek","Dilbera Sazin","Tanburi İsak","txt|mid|xml|mu2|pdf","true","true","true","true","false","true","","","","false","pdf-and-musicxml","-72","https://zenodo.org/records/15470412","https://github.com/MTG/SymbTr","Beyati Sarki Dilbera Sazin Tanburi İsak nota","https://duckduckgo.com/?q=Beyati+Sarki+Dilbera+Sazin+Tanburi+%C4%B0sak+nota","Beyati Sarki Dilbera Sazin Tanburi İsak site:neyzen.com nota | Beyati Sarki Dilbera Sazin Tanburi İsak site:defteriniz.com nota | Beyati Sarki Dilbera Sazin Tanburi İsak site:turksanatmuzigi.org nota","https://duckduckgo.com/?q=Beyati+Sarki+Dilbera+Sazin+Tanburi+%C4%B0sak+site%3Aneyzen.com+nota | https://duckduckgo.com/?q=Beyati+Sarki+Dilbera+Sazin+Tanburi+%C4%B0sak+site%3Adefteriniz.com+nota | https://duckduckgo.com/?q=Beyati+Sarki+Dilbera+Sazin+Tanburi+%C4%B0sak+site%3Aturksanatmuzigi.org+nota","Beyati Sarki Dilbera Sazin Tanburi İsak icra kayıt YouTube","https://www.youtube.com/results?search_query=Beyati+Sarki+Dilbera+Sazin+Tanburi+%C4%B0sak+icra+kay%C4%B1t+YouTube"
"beyati--sarki--duyek--emel-i_meyl-i--sevki_bey","Beyati","Sarki","Duyek","Emel İ Meyl İ","Sevki Bey","txt|mid|xml|mu2|pdf","true","true","true","true","false","true","","","","false","pdf-and-musicxml","-72","https://zenodo.org/records/15470412","https://github.com/MTG/SymbTr","Beyati Sarki Emel İ Meyl İ Sevki Bey nota","https://duckduckgo.com/?q=Beyati+Sarki+Emel+%C4%B0+Meyl+%C4%B0+Sevki+Bey+nota","Beyati Sarki Emel İ Meyl İ Sevki Bey site:neyzen.com nota | Beyati Sarki Emel İ Meyl İ Sevki Bey site:defteriniz.com nota | Beyati Sarki Emel İ Meyl İ Sevki Bey site:turksanatmuzigi.org nota","https://duckduckgo.com/?q=Beyati+Sarki+Emel+%C4%B0+Meyl+%C4%B0+Sevki+Bey+site%3Aneyzen.com+nota | https://duckduckgo.com/?q=Beyati+Sarki+Emel+%C4%B0+Meyl+%C4%B0+Sevki+Bey+site%3Adefteriniz.com+nota | https://duckduckgo.com/?q=Beyati+Sarki+Emel+%C4%B0+Meyl+%C4%B0+Sevki+Bey+site%3Aturksanatmuzigi.org+nota","Beyati Sarki Emel İ Meyl İ Sevki Bey icra kayıt YouTube","https://www.youtube.com/results?search_query=Beyati+Sarki+Emel+%C4%B0+Meyl+%C4%B0+Sevki+Bey+icra+kay%C4%B1t+YouTube"
"beyati--sarki--aksak--gonlum_geri--kasim_inaltekin","Beyati","Sarki","Aksak","Gonlum Geri","Kasim İnaltekin","txt|mid|xml|mu2|pdf","true","true","true","true","false","true","","","","false","pdf-and-musicxml","-72","https://zenodo.org/records/15470412","https://github.com/MTG/SymbTr","Beyati Sarki Gonlum Geri Kasim İnaltekin nota","https://duckduckgo.com/?q=Beyati+Sarki+Gonlum+Geri+Kasim+%C4%B0naltekin+nota","Beyati Sarki Gonlum Geri Kasim İnaltekin site:neyzen.com nota | Beyati Sarki Gonlum Geri Kasim İnaltekin site:defteriniz.com nota | Beyati Sarki Gonlum Geri Kasim İnaltekin site:turksanatmuzigi.org nota","https://duckduckgo.com/?q=Beyati+Sarki+Gonlum+Geri+Kasim+%C4%B0naltekin+site%3Aneyzen.com+nota | https://duckduckgo.com/?q=Beyati+Sarki+Gonlum+Geri+Kasim+%C4%B0naltekin+site%3Adefteriniz.com+nota | https://duckduckgo.com/?q=Beyati+Sarki+Gonlum+Geri+Kasim+%C4%B0naltekin+site%3Aturksanatmuzigi.org+nota","Beyati Sarki Gonlum Geri Kasim İnaltekin icra kayıt YouTube","https://www.youtube.com/results?search_query=Beyati+Sarki+Gonlum+Geri+Kasim+%C4%B0naltekin+icra+kay%C4%B1t+YouTube"
"beyati--sarki--duyek--gonul_telim--erdinc_celikkol","Beyati","Sarki","Duyek","Gonul Telim","Erdinc Celikkol","txt|mid|xml|mu2|pdf","true","true","true","true","false","true","","","","false","pdf-and-musicxml","-72","https://zenodo.org/records/15470412","https://github.com/MTG/SymbTr","Beyati Sarki Gonul Telim Erdinc Celikkol nota","https://duckduckgo.com/?q=Beyati+Sarki+Gonul+Telim+Erdinc+Celikkol+nota","Beyati Sarki Gonul Telim Erdinc Celikkol site:neyzen.com nota | Beyati Sarki Gonul Telim Erdinc Celikkol site:defteriniz.com nota | Beyati Sarki Gonul Telim Erdinc Celikkol site:turksanatmuzigi.org nota","https://duckduckgo.com/?q=Beyati+Sarki+Gonul+Telim+Erdinc+Celikkol+site%3Aneyzen.com+nota | https://duckduckgo.com/?q=Beyati+Sarki+Gonul+Telim+Erdinc+Celikkol+site%3Adefteriniz.com+nota | https://duckduckgo.com/?q=Beyati+Sarki+Gonul+Telim+Erdinc+Celikkol+site%3Aturksanatmuzigi.org+nota","Beyati Sarki Gonul Telim Erdinc Celikkol icra kayıt YouTube","https://www.youtube.com/results?search_query=Beyati+Sarki+Gonul+Telim+Erdinc+Celikkol+icra+kay%C4%B1t+YouTube"
"beyati--sarki--duyek--hayli_demdir--suphi_ziya_ozbekkan","Beyati","Sarki","Duyek","Hayli Demdir","Suphi Ziya Ozbekkan","txt|mid|xml|mu2|pdf","true","true","true","true","false","true","","","","false","pdf-and-musicxml","-72","https://zenodo.org/records/15470412","https://github.com/MTG/SymbTr","Beyati Sarki Hayli Demdir Suphi Ziya Ozbekkan nota","https://duckduckgo.com/?q=Beyati+Sarki+Hayli+Demdir+Suphi+Ziya+Ozbekkan+nota","Beyati Sarki Hayli Demdir Suphi Ziya Ozbekkan site:neyzen.com nota | Beyati Sarki Hayli Demdir Suphi Ziya Ozbekkan site:defteriniz.com nota | Beyati Sarki Hayli Demdir Suphi Ziya Ozbekkan site:turksanatmuzigi.org nota","https://duckduckgo.com/?q=Beyati+Sarki+Hayli+Demdir+Suphi+Ziya+Ozbekkan+site%3Aneyzen.com+nota | https://duckduckgo.com/?q=Beyati+Sarki+Hayli+Demdir+Suphi+Ziya+Ozbekkan+site%3Adefteriniz.com+nota | https://duckduckgo.com/?q=Beyati+Sarki+Hayli+Demdir+Suphi+Ziya+Ozbekkan+site%3Aturksanatmuzigi.org+nota","Beyati Sarki Hayli Demdir Suphi Ziya Ozbekkan icra kayıt YouTube","https://www.youtube.com/results?search_query=Beyati+Sarki+Hayli+Demdir+Suphi+Ziya+Ozbekkan+icra+kay%C4%B1t+YouTube"
"beyati--sarki--aksak--karsidan_yar--dede_efendi","Beyati","Sarki","Aksak","Karsidan Yar","Dede Efendi","txt|mid|xml|mu2|pdf","true","true","true","true","false","true","","","","false","pdf-and-musicxml","-72","https://zenodo.org/records/15470412","https://github.com/MTG/SymbTr","Beyati Sarki Karsidan Yar Dede Efendi nota","https://duckduckgo.com/?q=Beyati+Sarki+Karsidan+Yar+Dede+Efendi+nota","Beyati Sarki Karsidan Yar Dede Efendi site:neyzen.com nota | Beyati Sarki Karsidan Yar Dede Efendi site:defteriniz.com nota | Beyati Sarki Karsidan Yar Dede Efendi site:turksanatmuzigi.org nota","https://duckduckgo.com/?q=Beyati+Sarki+Karsidan+Yar+Dede+Efendi+site%3Aneyzen.com+nota | https://duckduckgo.com/?q=Beyati+Sarki+Karsidan+Yar+Dede+Efendi+site%3Adefteriniz.com+nota | https://duckduckgo.com/?q=Beyati+Sarki+Karsidan+Yar+Dede+Efendi+site%3Aturksanatmuzigi.org+nota","Beyati Sarki Karsidan Yar Dede Efendi icra kayıt YouTube","https://www.youtube.com/results?search_query=Beyati+Sarki+Karsidan+Yar+Dede+Efendi+icra+kay%C4%B1t+YouTube"
"beyati--sarki--aksak--meclise_gel--tanburi_mustafa_cavus","Beyati","Sarki","Aksak","Meclise Gel","Tanburi Mustafa Cavus","txt|mid|xml|mu2|pdf","true","true","true","true","false","true","","","","false","pdf-and-musicxml","-72","https://zenodo.org/records/15470412","https://github.com/MTG/SymbTr","Beyati Sarki Meclise Gel Tanburi Mustafa Cavus nota","https://duckduckgo.com/?q=Beyati+Sarki+Meclise+Gel+Tanburi+Mustafa+Cavus+nota","Beyati Sarki Meclise Gel Tanburi Mustafa Cavus site:neyzen.com nota | Beyati Sarki Meclise Gel Tanburi Mustafa Cavus site:defteriniz.com nota | Beyati Sarki Meclise Gel Tanburi Mustafa Cavus site:turksanatmuzigi.org nota","https://duckduckgo.com/?q=Beyati+Sarki+Meclise+Gel+Tanburi+Mustafa+Cavus+site%3Aneyzen.com+nota | https://duckduckgo.com/?q=Beyati+Sarki+Meclise+Gel+Tanburi+Mustafa+Cavus+site%3Adefteriniz.com+nota | https://duckduckgo.com/?q=Beyati+Sarki+Meclise+Gel+Tanburi+Mustafa+Cavus+site%3Aturksanatmuzigi.org+nota","Beyati Sarki Meclise Gel Tanburi Mustafa Cavus icra kayıt YouTube","https://www.youtube.com/results?search_query=Beyati+Sarki+Meclise+Gel+Tanburi+Mustafa+Cavus+icra+kay%C4%B1t+YouTube"
"beyati--sarki--aksak--ne_semtden--kemani_riza_efendi","Beyati","Sarki","Aksak","Ne Semtden","Kemani Riza Efendi","txt|mid|xml|mu2|pdf","true","true","true","true","false","true","","","","false","pdf-and-musicxml","-72","https://zenodo.org/records/15470412","https://github.com/MTG/SymbTr","Beyati Sarki Ne Semtden Kemani Riza Efendi nota","https://duckduckgo.com/?q=Beyati+Sarki+Ne+Semtden+Kemani+Riza+Efendi+nota","Beyati Sarki Ne Semtden Kemani Riza Efendi site:neyzen.com nota | Beyati Sarki Ne Semtden Kemani Riza Efendi site:defteriniz.com nota | Beyati Sarki Ne Semtden Kemani Riza Efendi site:turksanatmuzigi.org nota","https://duckduckgo.com/?q=Beyati+Sarki+Ne+Semtden+Kemani+Riza+Efendi+site%3Aneyzen.com+nota | https://duckduckgo.com/?q=Beyati+Sarki+Ne+Semtden+Kemani+Riza+Efendi+site%3Adefteriniz.com+nota | https://duckduckgo.com/?q=Beyati+Sarki+Ne+Semtden+Kemani+Riza+Efendi+site%3Aturksanatmuzigi.org+nota","Beyati Sarki Ne Semtden Kemani Riza Efendi icra kayıt YouTube","https://www.youtube.com/results?search_query=Beyati+Sarki+Ne+Semtden+Kemani+Riza+Efendi+icra+kay%C4%B1t+YouTube"
"beyati--sarki--duyek--ruhuma_sundugun--sadettin_kaynak","Beyati","Sarki","Duyek","Ruhuma Sundugun","Sadettin Kaynak","txt|mid|xml|mu2|pdf","true","true","true","true","false","true","","","","false","pdf-and-musicxml","-72","https://zenodo.org/records/15470412","https://github.com/MTG/SymbTr","Beyati Sarki Ruhuma Sundugun Sadettin Kaynak nota","https://duckduckgo.com/?q=Beyati+Sarki+Ruhuma+Sundugun+Sadettin+Kaynak+nota","Beyati Sarki Ruhuma Sundugun Sadettin Kaynak site:neyzen.com nota | Beyati Sarki Ruhuma Sundugun Sadettin Kaynak site:defteriniz.com nota | Beyati Sarki Ruhuma Sundugun Sadettin Kaynak site:turksanatmuzigi.org nota","https://duckduckgo.com/?q=Beyati+Sarki+Ruhuma+Sundugun+Sadettin+Kaynak+site%3Aneyzen.com+nota | https://duckduckgo.com/?q=Beyati+Sarki+Ruhuma+Sundugun+Sadettin+Kaynak+site%3Adefteriniz.com+nota | https://duckduckgo.com/?q=Beyati+Sarki+Ruhuma+Sundugun+Sadettin+Kaynak+site%3Aturksanatmuzigi.org+nota","Beyati Sarki Ruhuma Sundugun Sadettin Kaynak icra kayıt YouTube","https://www.youtube.com/results?search_query=Beyati+Sarki+Ruhuma+Sundugun+Sadettin+Kaynak+icra+kay%C4%B1t+YouTube"
"beyati--sarki--aksak--sebep_ne--markar_aga","Beyati","Sarki","Aksak","Sebep Ne","Markar Aga","txt|mid|xml|mu2|pdf","true","true","true","true","false","true","","","","false","pdf-and-musicxml","-72","https://zenodo.org/records/15470412","https://github.com/MTG/SymbTr","Beyati Sarki Sebep Ne Markar Aga nota","https://duckduckgo.com/?q=Beyati+Sarki+Sebep+Ne+Markar+Aga+nota","Beyati Sarki Sebep Ne Markar Aga site:neyzen.com nota | Beyati Sarki Sebep Ne Markar Aga site:defteriniz.com nota | Beyati Sarki Sebep Ne Markar Aga site:turksanatmuzigi.org nota","https://duckduckgo.com/?q=Beyati+Sarki+Sebep+Ne+Markar+Aga+site%3Aneyzen.com+nota | https://duckduckgo.com/?q=Beyati+Sarki+Sebep+Ne+Markar+Aga+site%3Adefteriniz.com+nota | https://duckduckgo.com/?q=Beyati+Sarki+Sebep+Ne+Markar+Aga+site%3Aturksanatmuzigi.org+nota","Beyati Sarki Sebep Ne Markar Aga icra kayıt YouTube","https://www.youtube.com/results?search_query=Beyati+Sarki+Sebep+Ne+Markar+Aga+icra+kay%C4%B1t+YouTube"
"beyati--sarki--duyek--seni_ne_cok--erol_sayan","Beyati","Sarki","Duyek","Seni Ne Cok","Erol Sayan","txt|mid|xml|mu2|pdf","true","true","true","true","false","true","","","","false","pdf-and-musicxml","-72","https://zenodo.org/records/15470412","https://github.com/MTG/SymbTr","Beyati Sarki Seni Ne Cok Erol Sayan nota","https://duckduckgo.com/?q=Beyati+Sarki+Seni+Ne+Cok+Erol+Sayan+nota","Beyati Sarki Seni Ne Cok Erol Sayan site:neyzen.com nota | Beyati Sarki Seni Ne Cok Erol Sayan site:defteriniz.com nota | Beyati Sarki Seni Ne Cok Erol Sayan site:turksanatmuzigi.org nota","https://duckduckgo.com/?q=Beyati+Sarki+Seni+Ne+Cok+Erol+Sayan+site%3Aneyzen.com+nota | https://duckduckgo.com/?q=Beyati+Sarki+Seni+Ne+Cok+Erol+Sayan+site%3Adefteriniz.com+nota | https://duckduckgo.com/?q=Beyati+Sarki+Seni+Ne+Cok+Erol+Sayan+site%3Aturksanatmuzigi.org+nota","Beyati Sarki Seni Ne Cok Erol Sayan icra kayıt YouTube","https://www.youtube.com/results?search_query=Beyati+Sarki+Seni+Ne+Cok+Erol+Sayan+icra+kay%C4%B1t+YouTube"
"beyati--sarki--duyek--zaman_icinde--semahat_ozdenses","Beyati","Sarki","Duyek","Zaman İcinde","Semahat Ozdenses","txt|mid|xml|mu2|pdf","true","true","true","true","false","true","","","","false","pdf-and-musicxml","-72","https://zenodo.org/records/15470412","https://github.com/MTG/SymbTr","Beyati Sarki Zaman İcinde Semahat Ozdenses nota","https://duckduckgo.com/?q=Beyati+Sarki+Zaman+%C4%B0cinde+Semahat+Ozdenses+nota","Beyati Sarki Zaman İcinde Semahat Ozdenses site:neyzen.com nota | Beyati Sarki Zaman İcinde Semahat Ozdenses site:defteriniz.com nota | Beyati Sarki Zaman İcinde Semahat Ozdenses site:turksanatmuzigi.org nota","https://duckduckgo.com/?q=Beyati+Sarki+Zaman+%C4%B0cinde+Semahat+Ozdenses+site%3Aneyzen.com+nota | https://duckduckgo.com/?q=Beyati+Sarki+Zaman+%C4%B0cinde+Semahat+Ozdenses+site%3Adefteriniz.com+nota | https://duckduckgo.com/?q=Beyati+Sarki+Zaman+%C4%B0cinde+Semahat+Ozdenses+site%3Aturksanatmuzigi.org+nota","Beyati Sarki Zaman İcinde Semahat Ozdenses icra kayıt YouTube","https://www.youtube.com/results?search_query=Beyati+Sarki+Zaman+%C4%B0cinde+Semahat+Ozdenses+icra+kay%C4%B1t+YouTube"
"beyatiaraban--sarki--aksak--baga_girdim--sadi_hosses","Beyatiaraban","Sarki","Aksak","Baga Girdim","Sadi Hosses","txt|mid|xml|mu2|pdf","true","true","true","true","false","true","","","","false","pdf-and-musicxml","-72","https://zenodo.org/records/15470412","https://github.com/MTG/SymbTr","Beyatiaraban Sarki Baga Girdim Sadi Hosses nota","https://duckduckgo.com/?q=Beyatiaraban+Sarki+Baga+Girdim+Sadi+Hosses+nota","Beyatiaraban Sarki Baga Girdim Sadi Hosses site:neyzen.com nota | Beyatiaraban Sarki Baga Girdim Sadi Hosses site:defteriniz.com nota | Beyatiaraban Sarki Baga Girdim Sadi Hosses site:turksanatmuzigi.org nota","https://duckduckgo.com/?q=Beyatiaraban+Sarki+Baga+Girdim+Sadi+Hosses+site%3Aneyzen.com+nota | https://duckduckgo.com/?q=Beyatiaraban+Sarki+Baga+Girdim+Sadi+Hosses+site%3Adefteriniz.com+nota | https://duckduckgo.com/?q=Beyatiaraban+Sarki+Baga+Girdim+Sadi+Hosses+site%3Aturksanatmuzigi.org+nota","Beyatiaraban Sarki Baga Girdim Sadi Hosses icra kayıt YouTube","https://www.youtube.com/results?search_query=Beyatiaraban+Sarki+Baga+Girdim+Sadi+Hosses+icra+kay%C4%B1t+YouTube"
"beyatiaraban--sarki--aksak--bana_noldu--rahmi_bey","Beyatiaraban","Sarki","Aksak","Bana Noldu","Rahmi Bey","txt|mid|xml|mu2|pdf","true","true","true","true","false","true","","","","false","pdf-and-musicxml","-72","https://zenodo.org/records/15470412","https://github.com/MTG/SymbTr","Beyatiaraban Sarki Bana Noldu Rahmi Bey nota","https://duckduckgo.com/?q=Beyatiaraban+Sarki+Bana+Noldu+Rahmi+Bey+nota","Beyatiaraban Sarki Bana Noldu Rahmi Bey site:neyzen.com nota | Beyatiaraban Sarki Bana Noldu Rahmi Bey site:defteriniz.com nota | Beyatiaraban Sarki Bana Noldu Rahmi Bey site:turksanatmuzigi.org nota","https://duckduckgo.com/?q=Beyatiaraban+Sarki+Bana+Noldu+Rahmi+Bey+site%3Aneyzen.com+nota | https://duckduckgo.com/?q=Beyatiaraban+Sarki+Bana+Noldu+Rahmi+Bey+site%3Adefteriniz.com+nota | https://duckduckgo.com/?q=Beyatiaraban+Sarki+Bana+Noldu+Rahmi+Bey+site%3Aturksanatmuzigi.org+nota","Beyatiaraban Sarki Bana Noldu Rahmi Bey icra kayıt YouTube","https://www.youtube.com/results?search_query=Beyatiaraban+Sarki+Bana+Noldu+Rahmi+Bey+icra+kay%C4%B1t+YouTube"
"beyatiaraban--sarki--aksak--bana_seyran-i--rahmi_bey","Beyatiaraban","Sarki","Aksak","Bana Seyran İ","Rahmi Bey","txt|mid|xml|mu2|pdf","true","true","true","true","false","true","","","","false","pdf-and-musicxml","-72","https://zenodo.org/records/15470412","https://github.com/MTG/SymbTr","Beyatiaraban Sarki Bana Seyran İ Rahmi Bey nota","https://duckduckgo.com/?q=Beyatiaraban+Sarki+Bana+Seyran+%C4%B0+Rahmi+Bey+nota","Beyatiaraban Sarki Bana Seyran İ Rahmi Bey site:neyzen.com nota | Beyatiaraban Sarki Bana Seyran İ Rahmi Bey site:defteriniz.com nota | Beyatiaraban Sarki Bana Seyran İ Rahmi Bey site:turksanatmuzigi.org nota","https://duckduckgo.com/?q=Beyatiaraban+Sarki+Bana+Seyran+%C4%B0+Rahmi+Bey+site%3Aneyzen.com+nota | https://duckduckgo.com/?q=Beyatiaraban+Sarki+Bana+Seyran+%C4%B0+Rahmi+Bey+site%3Adefteriniz.com+nota | https://duckduckgo.com/?q=Beyatiaraban+Sarki+Bana+Seyran+%C4%B0+Rahmi+Bey+site%3Aturksanatmuzigi.org+nota","Beyatiaraban Sarki Bana Seyran İ Rahmi Bey icra kayıt YouTube","https://www.youtube.com/results?search_query=Beyatiaraban+Sarki+Bana+Seyran+%C4%B0+Rahmi+Bey+icra+kay%C4%B1t+YouTube"
"beyatiaraban--sarki--duyek--gozumde_isve-numadir--ahmet_rasim_bey","Beyatiaraban","Sarki","Duyek","Gozumde İsve Numadir","Ahmet Rasim Bey","txt|mid|xml|mu2|pdf","true","true","true","true","false","true","","","","false","pdf-and-musicxml","-72","https://zenodo.org/records/15470412","https://github.com/MTG/SymbTr","Beyatiaraban Sarki Gozumde İsve Numadir Ahmet Rasim Bey nota","https://duckduckgo.com/?q=Beyatiaraban+Sarki+Gozumde+%C4%B0sve+Numadir+Ahmet+Rasim+Bey+nota","Beyatiaraban Sarki Gozumde İsve Numadir Ahmet Rasim Bey site:neyzen.com nota | Beyatiaraban Sarki Gozumde İsve Numadir Ahmet Rasim Bey site:defteriniz.com nota | Beyatiaraban Sarki Gozumde İsve Numadir Ahmet Rasim Bey site:turksanatmuzigi.org nota","https://duckduckgo.com/?q=Beyatiaraban+Sarki+Gozumde+%C4%B0sve+Numadir+Ahmet+Rasim+Bey+site%3Aneyzen.com+nota | https://duckduckgo.com/?q=Beyatiaraban+Sarki+Gozumde+%C4%B0sve+Numadir+Ahmet+Rasim+Bey+site%3Adefteriniz.com+nota | https://duckduckgo.com/?q=Beyatiaraban+Sarki+Gozumde+%C4%B0sve+Numadir+Ahmet+Rasim+Bey+site%3Aturksanatmuzigi.org+nota","Beyatiaraban Sarki Gozumde İsve Numadir Ahmet Rasim Bey icra kayıt YouTube","https://www.youtube.com/results?search_query=Beyatiaraban+Sarki+Gozumde+%C4%B0sve+Numadir+Ahmet+Rasim+Bey+icra+kay%C4%B1t+YouTube"
"beyatiaraban--sarki--aksak--lutfunu_kestin--haci_arif_bey","Beyatiaraban","Sarki","Aksak","Lutfunu Kestin","Haci Arif Bey","txt|mid|xml|mu2|pdf","true","true","true","true","false","true","","","","false","pdf-and-musicxml","-72","https://zenodo.org/records/15470412","https://github.com/MTG/SymbTr","Beyatiaraban Sarki Lutfunu Kestin Haci Arif Bey nota","https://duckduckgo.com/?q=Beyatiaraban+Sarki+Lutfunu+Kestin+Haci+Arif+Bey+nota","Beyatiaraban Sarki Lutfunu Kestin Haci Arif Bey site:neyzen.com nota | Beyatiaraban Sarki Lutfunu Kestin Haci Arif Bey site:defteriniz.com nota | Beyatiaraban Sarki Lutfunu Kestin Haci Arif Bey site:turksanatmuzigi.org nota","https://duckduckgo.com/?q=Beyatiaraban+Sarki+Lutfunu+Kestin+Haci+Arif+Bey+site%3Aneyzen.com+nota | https://duckduckgo.com/?q=Beyatiaraban+Sarki+Lutfunu+Kestin+Haci+Arif+Bey+site%3Adefteriniz.com+nota | https://duckduckgo.com/?q=Beyatiaraban+Sarki+Lutfunu+Kestin+Haci+Arif+Bey+site%3Aturksanatmuzigi.org+nota","Beyatiaraban Sarki Lutfunu Kestin Haci Arif Bey icra kayıt YouTube","https://www.youtube.com/results?search_query=Beyatiaraban+Sarki+Lutfunu+Kestin+Haci+Arif+Bey+icra+kay%C4%B1t+YouTube"
"buselik--sarki--sofyan--aldin_aklim--rifat_bey","Buselik","Sarki","Sofyan","Aldin Aklim","Rifat Bey","txt|mid|xml|mu2|pdf","true","true","true","true","false","true","","","","false","pdf-and-musicxml","-72","https://zenodo.org/records/15470412","https://github.com/MTG/SymbTr","Buselik Sarki Aldin Aklim Rifat Bey nota","https://duckduckgo.com/?q=Buselik+Sarki+Aldin+Aklim+Rifat+Bey+nota","Buselik Sarki Aldin Aklim Rifat Bey site:neyzen.com nota | Buselik Sarki Aldin Aklim Rifat Bey site:defteriniz.com nota | Buselik Sarki Aldin Aklim Rifat Bey site:turksanatmuzigi.org nota","https://duckduckgo.com/?q=Buselik+Sarki+Aldin+Aklim+Rifat+Bey+site%3Aneyzen.com+nota | https://duckduckgo.com/?q=Buselik+Sarki+Aldin+Aklim+Rifat+Bey+site%3Adefteriniz.com+nota | https://duckduckgo.com/?q=Buselik+Sarki+Aldin+Aklim+Rifat+Bey+site%3Aturksanatmuzigi.org+nota","Buselik Sarki Aldin Aklim Rifat Bey icra kayıt YouTube","https://www.youtube.com/results?search_query=Buselik+Sarki+Aldin+Aklim+Rifat+Bey+icra+kay%C4%B1t+YouTube"
"buselik--sarki--duyek--askin_once--amir_ates","Buselik","Sarki","Duyek","Askin Once","Amir Ates","txt|mid|xml|mu2|pdf","true","true","true","true","false","true","","","","false","pdf-and-musicxml","-72","https://zenodo.org/records/15470412","https://github.com/MTG/SymbTr","Buselik Sarki Askin Once Amir Ates nota","https://duckduckgo.com/?q=Buselik+Sarki+Askin+Once+Amir+Ates+nota","Buselik Sarki Askin Once Amir Ates site:neyzen.com nota | Buselik Sarki Askin Once Amir Ates site:defteriniz.com nota | Buselik Sarki Askin Once Amir Ates site:turksanatmuzigi.org nota","https://duckduckgo.com/?q=Buselik+Sarki+Askin+Once+Amir+Ates+site%3Aneyzen.com+nota | https://duckduckgo.com/?q=Buselik+Sarki+Askin+Once+Amir+Ates+site%3Adefteriniz.com+nota | https://duckduckgo.com/?q=Buselik+Sarki+Askin+Once+Amir+Ates+site%3Aturksanatmuzigi.org+nota","Buselik Sarki Askin Once Amir Ates icra kayıt YouTube","https://www.youtube.com/results?search_query=Buselik+Sarki+Askin+Once+Amir+Ates+icra+kay%C4%B1t+YouTube"
"buselik--sarki--aksak--beni_ihmal--ismail_baha_surelsan","Buselik","Sarki","Aksak","Beni İhmal","İsmail Baha Surelsan","txt|mid|xml|mu2|pdf","true","true","true","true","false","true","","","","false","pdf-and-musicxml","-72","https://zenodo.org/records/15470412","https://github.com/MTG/SymbTr","Buselik Sarki Beni İhmal İsmail Baha Surelsan nota","https://duckduckgo.com/?q=Buselik+Sarki+Beni+%C4%B0hmal+%C4%B0smail+Baha+Surelsan+nota","Buselik Sarki Beni İhmal İsmail Baha Surelsan site:neyzen.com nota | Buselik Sarki Beni İhmal İsmail Baha Surelsan site:defteriniz.com nota | Buselik Sarki Beni İhmal İsmail Baha Surelsan site:turksanatmuzigi.org nota","https://duckduckgo.com/?q=Buselik+Sarki+Beni+%C4%B0hmal+%C4%B0smail+Baha+Surelsan+site%3Aneyzen.com+nota | https://duckduckgo.com/?q=Buselik+Sarki+Beni+%C4%B0hmal+%C4%B0smail+Baha+Surelsan+site%3Adefteriniz.com+nota | https://duckduckgo.com/?q=Buselik+Sarki+Beni+%C4%B0hmal+%C4%B0smail+Baha+Surelsan+site%3Aturksanatmuzigi.org+nota","Buselik Sarki Beni İhmal İsmail Baha Surelsan icra kayıt YouTube","https://www.youtube.com/results?search_query=Buselik+Sarki+Beni+%C4%B0hmal+%C4%B0smail+Baha+Surelsan+icra+kay%C4%B1t+YouTube"
"buselik--sarki--aksak--bir_misli--sakir_aga","Buselik","Sarki","Aksak","Bir Misli","Sakir Aga","txt|mid|xml|mu2|pdf","true","true","true","true","false","true","","","","false","pdf-and-musicxml","-72","https://zenodo.org/records/15470412","https://github.com/MTG/SymbTr","Buselik Sarki Bir Misli Sakir Aga nota","https://duckduckgo.com/?q=Buselik+Sarki+Bir+Misli+Sakir+Aga+nota","Buselik Sarki Bir Misli Sakir Aga site:neyzen.com nota | Buselik Sarki Bir Misli Sakir Aga site:defteriniz.com nota | Buselik Sarki Bir Misli Sakir Aga site:turksanatmuzigi.org nota","https://duckduckgo.com/?q=Buselik+Sarki+Bir+Misli+Sakir+Aga+site%3Aneyzen.com+nota | https://duckduckgo.com/?q=Buselik+Sarki+Bir+Misli+Sakir+Aga+site%3Adefteriniz.com+nota | https://duckduckgo.com/?q=Buselik+Sarki+Bir+Misli+Sakir+Aga+site%3Aturksanatmuzigi.org+nota","Buselik Sarki Bir Misli Sakir Aga icra kayıt YouTube","https://www.youtube.com/results?search_query=Buselik+Sarki+Bir+Misli+Sakir+Aga+icra+kay%C4%B1t+YouTube"
"buselik--sarki--aksak--bir_pur_cefa--iii_selim","Buselik","Sarki","Aksak","Bir Pur Cefa","İii Selim","txt|mid|xml|mu2|pdf","true","true","true","true","false","true","","","","false","pdf-and-musicxml","-72","https://zenodo.org/records/15470412","https://github.com/MTG/SymbTr","Buselik Sarki Bir Pur Cefa İii Selim nota","https://duckduckgo.com/?q=Buselik+Sarki+Bir+Pur+Cefa+%C4%B0ii+Selim+nota","Buselik Sarki Bir Pur Cefa İii Selim site:neyzen.com nota | Buselik Sarki Bir Pur Cefa İii Selim site:defteriniz.com nota | Buselik Sarki Bir Pur Cefa İii Selim site:turksanatmuzigi.org nota","https://duckduckgo.com/?q=Buselik+Sarki+Bir+Pur+Cefa+%C4%B0ii+Selim+site%3Aneyzen.com+nota | https://duckduckgo.com/?q=Buselik+Sarki+Bir+Pur+Cefa+%C4%B0ii+Selim+site%3Adefteriniz.com+nota | https://duckduckgo.com/?q=Buselik+Sarki+Bir+Pur+Cefa+%C4%B0ii+Selim+site%3Aturksanatmuzigi.org+nota","Buselik Sarki Bir Pur Cefa İii Selim icra kayıt YouTube","https://www.youtube.com/results?search_query=Buselik+Sarki+Bir+Pur+Cefa+%C4%B0ii+Selim+icra+kay%C4%B1t+YouTube"
"buselik--sarki--duyek--bir_sitemin--durri_turan","Buselik","Sarki","Duyek","Bir Sitemin","Durri Turan","txt|mid|xml|mu2|pdf","true","true","true","true","false","true","","","","false","pdf-and-musicxml","-72","https://zenodo.org/records/15470412","https://github.com/MTG/SymbTr","Buselik Sarki Bir Sitemin Durri Turan nota","https://duckduckgo.com/?q=Buselik+Sarki+Bir+Sitemin+Durri+Turan+nota","Buselik Sarki Bir Sitemin Durri Turan site:neyzen.com nota | Buselik Sarki Bir Sitemin Durri Turan site:defteriniz.com nota | Buselik Sarki Bir Sitemin Durri Turan site:turksanatmuzigi.org nota","https://duckduckgo.com/?q=Buselik+Sarki+Bir+Sitemin+Durri+Turan+site%3Aneyzen.com+nota | https://duckduckgo.com/?q=Buselik+Sarki+Bir+Sitemin+Durri+Turan+site%3Adefteriniz.com+nota | https://duckduckgo.com/?q=Buselik+Sarki+Bir+Sitemin+Durri+Turan+site%3Aturksanatmuzigi.org+nota","Buselik Sarki Bir Sitemin Durri Turan icra kayıt YouTube","https://www.youtube.com/results?search_query=Buselik+Sarki+Bir+Sitemin+Durri+Turan+icra+kay%C4%B1t+YouTube"
"buselik--sarki--aksak--bos_kalbimi--suphi_ziya_ozbekkan","Buselik","Sarki","Aksak","Bos Kalbimi","Suphi Ziya Ozbekkan","txt|mid|xml|mu2|pdf","true","true","true","true","false","true","","","","false","pdf-and-musicxml","-72","https://zenodo.org/records/15470412","https://github.com/MTG/SymbTr","Buselik Sarki Bos Kalbimi Suphi Ziya Ozbekkan nota","https://duckduckgo.com/?q=Buselik+Sarki+Bos+Kalbimi+Suphi+Ziya+Ozbekkan+nota","Buselik Sarki Bos Kalbimi Suphi Ziya Ozbekkan site:neyzen.com nota | Buselik Sarki Bos Kalbimi Suphi Ziya Ozbekkan site:defteriniz.com nota | Buselik Sarki Bos Kalbimi Suphi Ziya Ozbekkan site:turksanatmuzigi.org nota","https://duckduckgo.com/?q=Buselik+Sarki+Bos+Kalbimi+Suphi+Ziya+Ozbekkan+site%3Aneyzen.com+nota | https://duckduckgo.com/?q=Buselik+Sarki+Bos+Kalbimi+Suphi+Ziya+Ozbekkan+site%3Adefteriniz.com+nota | https://duckduckgo.com/?q=Buselik+Sarki+Bos+Kalbimi+Suphi+Ziya+Ozbekkan+site%3Aturksanatmuzigi.org+nota","Buselik Sarki Bos Kalbimi Suphi Ziya Ozbekkan icra kayıt YouTube","https://www.youtube.com/results?search_query=Buselik+Sarki+Bos+Kalbimi+Suphi+Ziya+Ozbekkan+icra+kay%C4%B1t+YouTube"
"buselik--sarki--duyek--bunu_inkar--ismet_aga","Buselik","Sarki","Duyek","Bunu İnkar","İsmet Aga","txt|mid|xml|mu2|pdf","true","true","true","true","false","true","","","","false","pdf-and-musicxml","-72","https://zenodo.org/records/15470412","https://github.com/MTG/SymbTr","Buselik Sarki Bunu İnkar İsmet Aga nota","https://duckduckgo.com/?q=Buselik+Sarki+Bunu+%C4%B0nkar+%C4%B0smet+Aga+nota","Buselik Sarki Bunu İnkar İsmet Aga site:neyzen.com nota | Buselik Sarki Bunu İnkar İsmet Aga site:defteriniz.com nota | Buselik Sarki Bunu İnkar İsmet Aga site:turksanatmuzigi.org nota","https://duckduckgo.com/?q=Buselik+Sarki+Bunu+%C4%B0nkar+%C4%B0smet+Aga+site%3Aneyzen.com+nota | https://duckduckgo.com/?q=Buselik+Sarki+Bunu+%C4%B0nkar+%C4%B0smet+Aga+site%3Adefteriniz.com+nota | https://duckduckgo.com/?q=Buselik+Sarki+Bunu+%C4%B0nkar+%C4%B0smet+Aga+site%3Aturksanatmuzigi.org+nota","Buselik Sarki Bunu İnkar İsmet Aga icra kayıt YouTube","https://www.youtube.com/results?search_query=Buselik+Sarki+Bunu+%C4%B0nkar+%C4%B0smet+Aga+icra+kay%C4%B1t+YouTube"
"buselik--sarki--aksak--cehrendeki_tilsimda--yilmaz_karakoyunlu","Buselik","Sarki","Aksak","Cehrendeki Tilsimda","Yilmaz Karakoyunlu","txt|mid|xml|mu2|pdf","true","true","true","true","false","true","","","","false","pdf-and-musicxml","-72","https://zenodo.org/records/15470412","https://github.com/MTG/SymbTr","Buselik Sarki Cehrendeki Tilsimda Yilmaz Karakoyunlu nota","https://duckduckgo.com/?q=Buselik+Sarki+Cehrendeki+Tilsimda+Yilmaz+Karakoyunlu+nota","Buselik Sarki Cehrendeki Tilsimda Yilmaz Karakoyunlu site:neyzen.com nota | Buselik Sarki Cehrendeki Tilsimda Yilmaz Karakoyunlu site:defteriniz.com nota | Buselik Sarki Cehrendeki Tilsimda Yilmaz Karakoyunlu site:turksanatmuzigi.org nota","https://duckduckgo.com/?q=Buselik+Sarki+Cehrendeki+Tilsimda+Yilmaz+Karakoyunlu+site%3Aneyzen.com+nota | https://duckduckgo.com/?q=Buselik+Sarki+Cehrendeki+Tilsimda+Yilmaz+Karakoyunlu+site%3Adefteriniz.com+nota | https://duckduckgo.com/?q=Buselik+Sarki+Cehrendeki+Tilsimda+Yilmaz+Karakoyunlu+site%3Aturksanatmuzigi.org+nota","Buselik Sarki Cehrendeki Tilsimda Yilmaz Karakoyunlu icra kayıt YouTube","https://www.youtube.com/results?search_query=Buselik+Sarki+Cehrendeki+Tilsimda+Yilmaz+Karakoyunlu+icra+kay%C4%B1t+YouTube"
"buselik--sarki--duyek--denizlerin_otesinden--ismail_baha_surelsan","Buselik","Sarki","Duyek","Denizlerin Otesinden","İsmail Baha Surelsan","txt|mid|xml|mu2|pdf","true","true","true","true","false","true","","","","false","pdf-and-musicxml","-72","https://zenodo.org/records/15470412","https://github.com/MTG/SymbTr","Buselik Sarki Denizlerin Otesinden İsmail Baha Surelsan nota","https://duckduckgo.com/?q=Buselik+Sarki+Denizlerin+Otesinden+%C4%B0smail+Baha+Surelsan+nota","Buselik Sarki Denizlerin Otesinden İsmail Baha Surelsan site:neyzen.com nota | Buselik Sarki Denizlerin Otesinden İsmail Baha Surelsan site:defteriniz.com nota | Buselik Sarki Denizlerin Otesinden İsmail Baha Surelsan site:turksanatmuzigi.org nota","https://duckduckgo.com/?q=Buselik+Sarki+Denizlerin+Otesinden+%C4%B0smail+Baha+Surelsan+site%3Aneyzen.com+nota | https://duckduckgo.com/?q=Buselik+Sarki+Denizlerin+Otesinden+%C4%B0smail+Baha+Surelsan+site%3Adefteriniz.com+nota | https://duckduckgo.com/?q=Buselik+Sarki+Denizlerin+Otesinden+%C4%B0smail+Baha+Surelsan+site%3Aturksanatmuzigi.org+nota","Buselik Sarki Denizlerin Otesinden İsmail Baha Surelsan icra kayıt YouTube","https://www.youtube.com/results?search_query=Buselik+Sarki+Denizlerin+Otesinden+%C4%B0smail+Baha+Surelsan+icra+kay%C4%B1t+YouTube"
"buselik--sarki--aksak--dil_sana--tanburi_isak","Buselik","Sarki","Aksak","Dil Sana","Tanburi İsak","txt|mid|xml|mu2|pdf","true","true","true","true","false","true","","","","false","pdf-and-musicxml","-72","https://zenodo.org/records/15470412","https://github.com/MTG/SymbTr","Buselik Sarki Dil Sana Tanburi İsak nota","https://duckduckgo.com/?q=Buselik+Sarki+Dil+Sana+Tanburi+%C4%B0sak+nota","Buselik Sarki Dil Sana Tanburi İsak site:neyzen.com nota | Buselik Sarki Dil Sana Tanburi İsak site:defteriniz.com nota | Buselik Sarki Dil Sana Tanburi İsak site:turksanatmuzigi.org nota","https://duckduckgo.com/?q=Buselik+Sarki+Dil+Sana+Tanburi+%C4%B0sak+site%3Aneyzen.com+nota | https://duckduckgo.com/?q=Buselik+Sarki+Dil+Sana+Tanburi+%C4%B0sak+site%3Adefteriniz.com+nota | https://duckduckgo.com/?q=Buselik+Sarki+Dil+Sana+Tanburi+%C4%B0sak+site%3Aturksanatmuzigi.org+nota","Buselik Sarki Dil Sana Tanburi İsak icra kayıt YouTube","https://www.youtube.com/results?search_query=Buselik+Sarki+Dil+Sana+Tanburi+%C4%B0sak+icra+kay%C4%B1t+YouTube"
"buselik--sarki--aksak--eda_ile--dede_efendi","Buselik","Sarki","Aksak","Eda İle","Dede Efendi","txt|mid|xml|mu2|pdf","true","true","true","true","false","true","","","","false","pdf-and-musicxml","-72","https://zenodo.org/records/15470412","https://github.com/MTG/SymbTr","Buselik Sarki Eda İle Dede Efendi nota","https://duckduckgo.com/?q=Buselik+Sarki+Eda+%C4%B0le+Dede+Efendi+nota","Buselik Sarki Eda İle Dede Efendi site:neyzen.com nota | Buselik Sarki Eda İle Dede Efendi site:defteriniz.com nota | Buselik Sarki Eda İle Dede Efendi site:turksanatmuzigi.org nota","https://duckduckgo.com/?q=Buselik+Sarki+Eda+%C4%B0le+Dede+Efendi+site%3Aneyzen.com+nota | https://duckduckgo.com/?q=Buselik+Sarki+Eda+%C4%B0le+Dede+Efendi+site%3Adefteriniz.com+nota | https://duckduckgo.com/?q=Buselik+Sarki+Eda+%C4%B0le+Dede+Efendi+site%3Aturksanatmuzigi.org+nota","Buselik Sarki Eda İle Dede Efendi icra kayıt YouTube","https://www.youtube.com/results?search_query=Buselik+Sarki+Eda+%C4%B0le+Dede+Efendi+icra+kay%C4%B1t+YouTube"
"buselik--sarki--duyek--gecti_bahar--fehmi_tokay","Buselik","Sarki","Duyek","Gecti Bahar","Fehmi Tokay","txt|mid|xml|mu2|pdf","true","true","true","true","false","true","","","","false","pdf-and-musicxml","-72","https://zenodo.org/records/15470412","https://github.com/MTG/SymbTr","Buselik Sarki Gecti Bahar Fehmi Tokay nota","https://duckduckgo.com/?q=Buselik+Sarki+Gecti+Bahar+Fehmi+Tokay+nota","Buselik Sarki Gecti Bahar Fehmi Tokay site:neyzen.com nota | Buselik Sarki Gecti Bahar Fehmi Tokay site:defteriniz.com nota | Buselik Sarki Gecti Bahar Fehmi Tokay site:turksanatmuzigi.org nota","https://duckduckgo.com/?q=Buselik+Sarki+Gecti+Bahar+Fehmi+Tokay+site%3Aneyzen.com+nota | https://duckduckgo.com/?q=Buselik+Sarki+Gecti+Bahar+Fehmi+Tokay+site%3Adefteriniz.com+nota | https://duckduckgo.com/?q=Buselik+Sarki+Gecti+Bahar+Fehmi+Tokay+site%3Aturksanatmuzigi.org+nota","Buselik Sarki Gecti Bahar Fehmi Tokay icra kayıt YouTube","https://www.youtube.com/results?search_query=Buselik+Sarki+Gecti+Bahar+Fehmi+Tokay+icra+kay%C4%B1t+YouTube"
"buselik--sarki--duyek--gonul_harareti--sukru_senozan","Buselik","Sarki","Duyek","Gonul Harareti","Sukru Senozan","txt|mid|xml|mu2|pdf","true","true","true","true","false","true","","","","false","pdf-and-musicxml","-72","https://zenodo.org/records/15470412","https://github.com/MTG/SymbTr","Buselik Sarki Gonul Harareti Sukru Senozan nota","https://duckduckgo.com/?q=Buselik+Sarki+Gonul+Harareti+Sukru+Senozan+nota","Buselik Sarki Gonul Harareti Sukru Senozan site:neyzen.com nota | Buselik Sarki Gonul Harareti Sukru Senozan site:defteriniz.com nota | Buselik Sarki Gonul Harareti Sukru Senozan site:turksanatmuzigi.org nota","https://duckduckgo.com/?q=Buselik+Sarki+Gonul+Harareti+Sukru+Senozan+site%3Aneyzen.com+nota | https://duckduckgo.com/?q=Buselik+Sarki+Gonul+Harareti+Sukru+Senozan+site%3Adefteriniz.com+nota | https://duckduckgo.com/?q=Buselik+Sarki+Gonul+Harareti+Sukru+Senozan+site%3Aturksanatmuzigi.org+nota","Buselik Sarki Gonul Harareti Sukru Senozan icra kayıt YouTube","https://www.youtube.com/results?search_query=Buselik+Sarki+Gonul+Harareti+Sukru+Senozan+icra+kay%C4%B1t+YouTube"
"buselik--sarki--duyek--gozumde_ozleyis--selahattin_inal","Buselik","Sarki","Duyek","Gozumde Ozleyis","Selahattin İnal","txt|mid|xml|mu2|pdf","true","true","true","true","false","true","","","","false","pdf-and-musicxml","-72","https://zenodo.org/records/15470412","https://github.com/MTG/SymbTr","Buselik Sarki Gozumde Ozleyis Selahattin İnal nota","https://duckduckgo.com/?q=Buselik+Sarki+Gozumde+Ozleyis+Selahattin+%C4%B0nal+nota","Buselik Sarki Gozumde Ozleyis Selahattin İnal site:neyzen.com nota | Buselik Sarki Gozumde Ozleyis Selahattin İnal site:defteriniz.com nota | Buselik Sarki Gozumde Ozleyis Selahattin İnal site:turksanatmuzigi.org nota","https://duckduckgo.com/?q=Buselik+Sarki+Gozumde+Ozleyis+Selahattin+%C4%B0nal+site%3Aneyzen.com+nota | https://duckduckgo.com/?q=Buselik+Sarki+Gozumde+Ozleyis+Selahattin+%C4%B0nal+site%3Adefteriniz.com+nota | https://duckduckgo.com/?q=Buselik+Sarki+Gozumde+Ozleyis+Selahattin+%C4%B0nal+site%3Aturksanatmuzigi.org+nota","Buselik Sarki Gozumde Ozleyis Selahattin İnal icra kayıt YouTube","https://www.youtube.com/results?search_query=Buselik+Sarki+Gozumde+Ozleyis+Selahattin+%C4%B0nal+icra+kay%C4%B1t+YouTube"
"buselik--sarki--sofyan--iki_kizimiz--erol_sayan","Buselik","Sarki","Sofyan","İki Kizimiz","Erol Sayan","txt|mid|xml|mu2|pdf","true","true","true","true","false","true","","","","false","pdf-and-musicxml","-72","https://zenodo.org/records/15470412","https://github.com/MTG/SymbTr","Buselik Sarki İki Kizimiz Erol Sayan nota","https://duckduckgo.com/?q=Buselik+Sarki+%C4%B0ki+Kizimiz+Erol+Sayan+nota","Buselik Sarki İki Kizimiz Erol Sayan site:neyzen.com nota | Buselik Sarki İki Kizimiz Erol Sayan site:defteriniz.com nota | Buselik Sarki İki Kizimiz Erol Sayan site:turksanatmuzigi.org nota","https://duckduckgo.com/?q=Buselik+Sarki+%C4%B0ki+Kizimiz+Erol+Sayan+site%3Aneyzen.com+nota | https://duckduckgo.com/?q=Buselik+Sarki+%C4%B0ki+Kizimiz+Erol+Sayan+site%3Adefteriniz.com+nota | https://duckduckgo.com/?q=Buselik+Sarki+%C4%B0ki+Kizimiz+Erol+Sayan+site%3Aturksanatmuzigi.org+nota","Buselik Sarki İki Kizimiz Erol Sayan icra kayıt YouTube","https://www.youtube.com/results?search_query=Buselik+Sarki+%C4%B0ki+Kizimiz+Erol+Sayan+icra+kay%C4%B1t+YouTube"
"buselik--sarki--aksak--inanmaz_vad_i--latif_aga","Buselik","Sarki","Aksak","İnanmaz Vad İ","Latif Aga","txt|mid|xml|mu2|pdf","true","true","true","true","false","true","","","","false","pdf-and-musicxml","-72","https://zenodo.org/records/15470412","https://github.com/MTG/SymbTr","Buselik Sarki İnanmaz Vad İ Latif Aga nota","https://duckduckgo.com/?q=Buselik+Sarki+%C4%B0nanmaz+Vad+%C4%B0+Latif+Aga+nota","Buselik Sarki İnanmaz Vad İ Latif Aga site:neyzen.com nota | Buselik Sarki İnanmaz Vad İ Latif Aga site:defteriniz.com nota | Buselik Sarki İnanmaz Vad İ Latif Aga site:turksanatmuzigi.org nota","https://duckduckgo.com/?q=Buselik+Sarki+%C4%B0nanmaz+Vad+%C4%B0+Latif+Aga+site%3Aneyzen.com+nota | https://duckduckgo.com/?q=Buselik+Sarki+%C4%B0nanmaz+Vad+%C4%B0+Latif+Aga+site%3Adefteriniz.com+nota | https://duckduckgo.com/?q=Buselik+Sarki+%C4%B0nanmaz+Vad+%C4%B0+Latif+Aga+site%3Aturksanatmuzigi.org+nota","Buselik Sarki İnanmaz Vad İ Latif Aga icra kayıt YouTube","https://www.youtube.com/results?search_query=Buselik+Sarki+%C4%B0nanmaz+Vad+%C4%B0+Latif+Aga+icra+kay%C4%B1t+YouTube"
"buselik--sarki--duyek--keremkani_efendim--tanburi_mustafa_cavus","Buselik","Sarki","Duyek","Keremkani Efendim","Tanburi Mustafa Cavus","txt|mid|xml|mu2|pdf","true","true","true","true","false","true","","","","false","pdf-and-musicxml","-72","https://zenodo.org/records/15470412","https://github.com/MTG/SymbTr","Buselik Sarki Keremkani Efendim Tanburi Mustafa Cavus nota","https://duckduckgo.com/?q=Buselik+Sarki+Keremkani+Efendim+Tanburi+Mustafa+Cavus+nota","Buselik Sarki Keremkani Efendim Tanburi Mustafa Cavus site:neyzen.com nota | Buselik Sarki Keremkani Efendim Tanburi Mustafa Cavus site:defteriniz.com nota | Buselik Sarki Keremkani Efendim Tanburi Mustafa Cavus site:turksanatmuzigi.org nota","https://duckduckgo.com/?q=Buselik+Sarki+Keremkani+Efendim+Tanburi+Mustafa+Cavus+site%3Aneyzen.com+nota | https://duckduckgo.com/?q=Buselik+Sarki+Keremkani+Efendim+Tanburi+Mustafa+Cavus+site%3Adefteriniz.com+nota | https://duckduckgo.com/?q=Buselik+Sarki+Keremkani+Efendim+Tanburi+Mustafa+Cavus+site%3Aturksanatmuzigi.org+nota","Buselik Sarki Keremkani Efendim Tanburi Mustafa Cavus icra kayıt YouTube","https://www.youtube.com/results?search_query=Buselik+Sarki+Keremkani+Efendim+Tanburi+Mustafa+Cavus+icra+kay%C4%B1t+YouTube"
"buselik--sarki--sofyan--ol_meh--medeni_aziz_efendi","Buselik","Sarki","Sofyan","Ol Meh","Medeni Aziz Efendi","txt|mid|xml|mu2|pdf","true","true","true","true","false","true","","","","false","pdf-and-musicxml","-72","https://zenodo.org/records/15470412","https://github.com/MTG/SymbTr","Buselik Sarki Ol Meh Medeni Aziz Efendi nota","https://duckduckgo.com/?q=Buselik+Sarki+Ol+Meh+Medeni+Aziz+Efendi+nota","Buselik Sarki Ol Meh Medeni Aziz Efendi site:neyzen.com nota | Buselik Sarki Ol Meh Medeni Aziz Efendi site:defteriniz.com nota | Buselik Sarki Ol Meh Medeni Aziz Efendi site:turksanatmuzigi.org nota","https://duckduckgo.com/?q=Buselik+Sarki+Ol+Meh+Medeni+Aziz+Efendi+site%3Aneyzen.com+nota | https://duckduckgo.com/?q=Buselik+Sarki+Ol+Meh+Medeni+Aziz+Efendi+site%3Adefteriniz.com+nota | https://duckduckgo.com/?q=Buselik+Sarki+Ol+Meh+Medeni+Aziz+Efendi+site%3Aturksanatmuzigi.org+nota","Buselik Sarki Ol Meh Medeni Aziz Efendi icra kayıt YouTube","https://www.youtube.com/results?search_query=Buselik+Sarki+Ol+Meh+Medeni+Aziz+Efendi+icra+kay%C4%B1t+YouTube"
"buselik--sarki--aksak--omrumun_guzel--emin_ongan","Buselik","Sarki","Aksak","Omrumun Guzel","Emin Ongan","txt|mid|xml|mu2|pdf","true","true","true","true","false","true","","","","false","pdf-and-musicxml","-72","https://zenodo.org/records/15470412","https://github.com/MTG/SymbTr","Buselik Sarki Omrumun Guzel Emin Ongan nota","https://duckduckgo.com/?q=Buselik+Sarki+Omrumun+Guzel+Emin+Ongan+nota","Buselik Sarki Omrumun Guzel Emin Ongan site:neyzen.com nota | Buselik Sarki Omrumun Guzel Emin Ongan site:defteriniz.com nota | Buselik Sarki Omrumun Guzel Emin Ongan site:turksanatmuzigi.org nota","https://duckduckgo.com/?q=Buselik+Sarki+Omrumun+Guzel+Emin+Ongan+site%3Aneyzen.com+nota | https://duckduckgo.com/?q=Buselik+Sarki+Omrumun+Guzel+Emin+Ongan+site%3Adefteriniz.com+nota | https://duckduckgo.com/?q=Buselik+Sarki+Omrumun+Guzel+Emin+Ongan+site%3Aturksanatmuzigi.org+nota","Buselik Sarki Omrumun Guzel Emin Ongan icra kayıt YouTube","https://www.youtube.com/results?search_query=Buselik+Sarki+Omrumun+Guzel+Emin+Ongan+icra+kay%C4%B1t+YouTube"
"buselik--sarki--duyek--ruzgar_kirdi--selahaddin_erkose","Buselik","Sarki","Duyek","Ruzgar Kirdi","Selahaddin Erkose","txt|mid|xml|mu2|pdf","true","true","true","true","false","true","","","","false","pdf-and-musicxml","-72","https://zenodo.org/records/15470412","https://github.com/MTG/SymbTr","Buselik Sarki Ruzgar Kirdi Selahaddin Erkose nota","https://duckduckgo.com/?q=Buselik+Sarki+Ruzgar+Kirdi+Selahaddin+Erkose+nota","Buselik Sarki Ruzgar Kirdi Selahaddin Erkose site:neyzen.com nota | Buselik Sarki Ruzgar Kirdi Selahaddin Erkose site:defteriniz.com nota | Buselik Sarki Ruzgar Kirdi Selahaddin Erkose site:turksanatmuzigi.org nota","https://duckduckgo.com/?q=Buselik+Sarki+Ruzgar+Kirdi+Selahaddin+Erkose+site%3Aneyzen.com+nota | https://duckduckgo.com/?q=Buselik+Sarki+Ruzgar+Kirdi+Selahaddin+Erkose+site%3Adefteriniz.com+nota | https://duckduckgo.com/?q=Buselik+Sarki+Ruzgar+Kirdi+Selahaddin+Erkose+site%3Aturksanatmuzigi.org+nota","Buselik Sarki Ruzgar Kirdi Selahaddin Erkose icra kayıt YouTube","https://www.youtube.com/results?search_query=Buselik+Sarki+Ruzgar+Kirdi+Selahaddin+Erkose+icra+kay%C4%B1t+YouTube"
"buselik--sarki--duyek--saclarima_ak--sadettin_kaynak","Buselik","Sarki","Duyek","Saclarima Ak","Sadettin Kaynak","txt|mid|xml|mu2|pdf","true","true","true","true","false","true","","","","false","pdf-and-musicxml","-72","https://zenodo.org/records/15470412","https://github.com/MTG/SymbTr","Buselik Sarki Saclarima Ak Sadettin Kaynak nota","https://duckduckgo.com/?q=Buselik+Sarki+Saclarima+Ak+Sadettin+Kaynak+nota","Buselik Sarki Saclarima Ak Sadettin Kaynak site:neyzen.com nota | Buselik Sarki Saclarima Ak Sadettin Kaynak site:defteriniz.com nota | Buselik Sarki Saclarima Ak Sadettin Kaynak site:turksanatmuzigi.org nota","https://duckduckgo.com/?q=Buselik+Sarki+Saclarima+Ak+Sadettin+Kaynak+site%3Aneyzen.com+nota | https://duckduckgo.com/?q=Buselik+Sarki+Saclarima+Ak+Sadettin+Kaynak+site%3Adefteriniz.com+nota | https://duckduckgo.com/?q=Buselik+Sarki+Saclarima+Ak+Sadettin+Kaynak+site%3Aturksanatmuzigi.org+nota","Buselik Sarki Saclarima Ak Sadettin Kaynak icra kayıt YouTube","https://www.youtube.com/results?search_query=Buselik+Sarki+Saclarima+Ak+Sadettin+Kaynak+icra+kay%C4%B1t+YouTube"
"buselik--sarki--aksak--sen_de_gozden--cinucen_tanrikorur","Buselik","Sarki","Aksak","Sen De Gozden","Cinucen Tanrikorur","txt|mid|xml|mu2|pdf","true","true","true","true","false","true","","","","false","pdf-and-musicxml","-72","https://zenodo.org/records/15470412","https://github.com/MTG/SymbTr","Buselik Sarki Sen De Gozden Cinucen Tanrikorur nota","https://duckduckgo.com/?q=Buselik+Sarki+Sen+De+Gozden+Cinucen+Tanrikorur+nota","Buselik Sarki Sen De Gozden Cinucen Tanrikorur site:neyzen.com nota | Buselik Sarki Sen De Gozden Cinucen Tanrikorur site:defteriniz.com nota | Buselik Sarki Sen De Gozden Cinucen Tanrikorur site:turksanatmuzigi.org nota","https://duckduckgo.com/?q=Buselik+Sarki+Sen+De+Gozden+Cinucen+Tanrikorur+site%3Aneyzen.com+nota | https://duckduckgo.com/?q=Buselik+Sarki+Sen+De+Gozden+Cinucen+Tanrikorur+site%3Adefteriniz.com+nota | https://duckduckgo.com/?q=Buselik+Sarki+Sen+De+Gozden+Cinucen+Tanrikorur+site%3Aturksanatmuzigi.org+nota","Buselik Sarki Sen De Gozden Cinucen Tanrikorur icra kayıt YouTube","https://www.youtube.com/results?search_query=Buselik+Sarki+Sen+De+Gozden+Cinucen+Tanrikorur+icra+kay%C4%B1t+YouTube"
"buselik--sarki--duyek--sevgim_bitti_mi--arif_sami_toker","Buselik","Sarki","Duyek","Sevgim Bitti Mi","Arif Sami Toker","txt|mid|xml|mu2|pdf","true","true","true","true","false","true","","","","false","pdf-and-musicxml","-72","https://zenodo.org/records/15470412","https://github.com/MTG/SymbTr","Buselik Sarki Sevgim Bitti Mi Arif Sami Toker nota","https://duckduckgo.com/?q=Buselik+Sarki+Sevgim+Bitti+Mi+Arif+Sami+Toker+nota","Buselik Sarki Sevgim Bitti Mi Arif Sami Toker site:neyzen.com nota | Buselik Sarki Sevgim Bitti Mi Arif Sami Toker site:defteriniz.com nota | Buselik Sarki Sevgim Bitti Mi Arif Sami Toker site:turksanatmuzigi.org nota","https://duckduckgo.com/?q=Buselik+Sarki+Sevgim+Bitti+Mi+Arif+Sami+Toker+site%3Aneyzen.com+nota | https://duckduckgo.com/?q=Buselik+Sarki+Sevgim+Bitti+Mi+Arif+Sami+Toker+site%3Adefteriniz.com+nota | https://duckduckgo.com/?q=Buselik+Sarki+Sevgim+Bitti+Mi+Arif+Sami+Toker+site%3Aturksanatmuzigi.org+nota","Buselik Sarki Sevgim Bitti Mi Arif Sami Toker icra kayıt YouTube","https://www.youtube.com/results?search_query=Buselik+Sarki+Sevgim+Bitti+Mi+Arif+Sami+Toker+icra+kay%C4%B1t+YouTube"
"buselik--sarki--duyek--sunbulistan_etmis--sakir_aga","Buselik","Sarki","Duyek","Sunbulistan Etmis","Sakir Aga","txt|mid|xml|mu2|pdf","true","true","true","true","false","true","","","","false","pdf-and-musicxml","-72","https://zenodo.org/records/15470412","https://github.com/MTG/SymbTr","Buselik Sarki Sunbulistan Etmis Sakir Aga nota","https://duckduckgo.com/?q=Buselik+Sarki+Sunbulistan+Etmis+Sakir+Aga+nota","Buselik Sarki Sunbulistan Etmis Sakir Aga site:neyzen.com nota | Buselik Sarki Sunbulistan Etmis Sakir Aga site:defteriniz.com nota | Buselik Sarki Sunbulistan Etmis Sakir Aga site:turksanatmuzigi.org nota","https://duckduckgo.com/?q=Buselik+Sarki+Sunbulistan+Etmis+Sakir+Aga+site%3Aneyzen.com+nota | https://duckduckgo.com/?q=Buselik+Sarki+Sunbulistan+Etmis+Sakir+Aga+site%3Adefteriniz.com+nota | https://duckduckgo.com/?q=Buselik+Sarki+Sunbulistan+Etmis+Sakir+Aga+site%3Aturksanatmuzigi.org+nota","Buselik Sarki Sunbulistan Etmis Sakir Aga icra kayıt YouTube","https://www.youtube.com/results?search_query=Buselik+Sarki+Sunbulistan+Etmis+Sakir+Aga+icra+kay%C4%B1t+YouTube"
"buselik--sarki--duyek--yalandir_dogustan--munir_nurettin_selcuk","Buselik","Sarki","Duyek","Yalandir Dogustan","Munir Nurettin Selcuk","txt|mid|xml|mu2|pdf","true","true","true","true","false","true","","","","false","pdf-and-musicxml","-72","https://zenodo.org/records/15470412","https://github.com/MTG/SymbTr","Buselik Sarki Yalandir Dogustan Munir Nurettin Selcuk nota","https://duckduckgo.com/?q=Buselik+Sarki+Yalandir+Dogustan+Munir+Nurettin+Selcuk+nota","Buselik Sarki Yalandir Dogustan Munir Nurettin Selcuk site:neyzen.com nota | Buselik Sarki Yalandir Dogustan Munir Nurettin Selcuk site:defteriniz.com nota | Buselik Sarki Yalandir Dogustan Munir Nurettin Selcuk site:turksanatmuzigi.org nota","https://duckduckgo.com/?q=Buselik+Sarki+Yalandir+Dogustan+Munir+Nurettin+Selcuk+site%3Aneyzen.com+nota | https://duckduckgo.com/?q=Buselik+Sarki+Yalandir+Dogustan+Munir+Nurettin+Selcuk+site%3Adefteriniz.com+nota | https://duckduckgo.com/?q=Buselik+Sarki+Yalandir+Dogustan+Munir+Nurettin+Selcuk+site%3Aturksanatmuzigi.org+nota","Buselik Sarki Yalandir Dogustan Munir Nurettin Selcuk icra kayıt YouTube","https://www.youtube.com/results?search_query=Buselik+Sarki+Yalandir+Dogustan+Munir+Nurettin+Selcuk+icra+kay%C4%B1t+YouTube"
"buselik--sarki--duyek--zaman_olur--selahattin_icli","Buselik","Sarki","Duyek","Zaman Olur","Selahattin İcli","txt|mid|xml|mu2|pdf","true","true","true","true","false","true","","","","false","pdf-and-musicxml","-72","https://zenodo.org/records/15470412","https://github.com/MTG/SymbTr","Buselik Sarki Zaman Olur Selahattin İcli nota","https://duckduckgo.com/?q=Buselik+Sarki+Zaman+Olur+Selahattin+%C4%B0cli+nota","Buselik Sarki Zaman Olur Selahattin İcli site:neyzen.com nota | Buselik Sarki Zaman Olur Selahattin İcli site:defteriniz.com nota | Buselik Sarki Zaman Olur Selahattin İcli site:turksanatmuzigi.org nota","https://duckduckgo.com/?q=Buselik+Sarki+Zaman+Olur+Selahattin+%C4%B0cli+site%3Aneyzen.com+nota | https://duckduckgo.com/?q=Buselik+Sarki+Zaman+Olur+Selahattin+%C4%B0cli+site%3Adefteriniz.com+nota | https://duckduckgo.com/?q=Buselik+Sarki+Zaman+Olur+Selahattin+%C4%B0cli+site%3Aturksanatmuzigi.org+nota","Buselik Sarki Zaman Olur Selahattin İcli icra kayıt YouTube","https://www.youtube.com/results?search_query=Buselik+Sarki+Zaman+Olur+Selahattin+%C4%B0cli+icra+kay%C4%B1t+YouTube"
"dilkeshaveran--sarki--aksak--acildi_bahcede--zeki_arif_ataergin","Dilkeshaveran","Sarki","Aksak","Acildi Bahcede","Zeki Arif Ataergin","txt|mid|xml|mu2|pdf","true","true","true","true","false","true","","","","false","pdf-and-musicxml","-72","https://zenodo.org/records/15470412","https://github.com/MTG/SymbTr","Dilkeshaveran Sarki Acildi Bahcede Zeki Arif Ataergin nota","https://duckduckgo.com/?q=Dilkeshaveran+Sarki+Acildi+Bahcede+Zeki+Arif+Ataergin+nota","Dilkeshaveran Sarki Acildi Bahcede Zeki Arif Ataergin site:neyzen.com nota | Dilkeshaveran Sarki Acildi Bahcede Zeki Arif Ataergin site:defteriniz.com nota | Dilkeshaveran Sarki Acildi Bahcede Zeki Arif Ataergin site:turksanatmuzigi.org nota","https://duckduckgo.com/?q=Dilkeshaveran+Sarki+Acildi+Bahcede+Zeki+Arif+Ataergin+site%3Aneyzen.com+nota | https://duckduckgo.com/?q=Dilkeshaveran+Sarki+Acildi+Bahcede+Zeki+Arif+Ataergin+site%3Adefteriniz.com+nota | https://duckduckgo.com/?q=Dilkeshaveran+Sarki+Acildi+Bahcede+Zeki+Arif+Ataergin+site%3Aturksanatmuzigi.org+nota","Dilkeshaveran Sarki Acildi Bahcede Zeki Arif Ataergin icra kayıt YouTube","https://www.youtube.com/results?search_query=Dilkeshaveran+Sarki+Acildi+Bahcede+Zeki+Arif+Ataergin+icra+kay%C4%B1t+YouTube"
"dilkeshaveran--sarki--duyek--gel_benim--radife_erten","Dilkeshaveran","Sarki","Duyek","Gel Benim","Radife Erten","txt|mid|xml|mu2|pdf","true","true","true","true","false","true","","","","false","pdf-and-musicxml","-72","https://zenodo.org/records/15470412","https://github.com/MTG/SymbTr","Dilkeshaveran Sarki Gel Benim Radife Erten nota","https://duckduckgo.com/?q=Dilkeshaveran+Sarki+Gel+Benim+Radife+Erten+nota","Dilkeshaveran Sarki Gel Benim Radife Erten site:neyzen.com nota | Dilkeshaveran Sarki Gel Benim Radife Erten site:defteriniz.com nota | Dilkeshaveran Sarki Gel Benim Radife Erten site:turksanatmuzigi.org nota","https://duckduckgo.com/?q=Dilkeshaveran+Sarki+Gel+Benim+Radife+Erten+site%3Aneyzen.com+nota | https://duckduckgo.com/?q=Dilkeshaveran+Sarki+Gel+Benim+Radife+Erten+site%3Adefteriniz.com+nota | https://duckduckgo.com/?q=Dilkeshaveran+Sarki+Gel+Benim+Radife+Erten+site%3Aturksanatmuzigi.org+nota","Dilkeshaveran Sarki Gel Benim Radife Erten icra kayıt YouTube","https://www.youtube.com/results?search_query=Dilkeshaveran+Sarki+Gel+Benim+Radife+Erten+icra+kay%C4%B1t+YouTube"
"evcara--sarki--aksak--gel_ey--dede_efendi","Evcara","Sarki","Aksak","Gel Ey","Dede Efendi","txt|mid|xml|mu2|pdf","true","true","true","true","false","true","","","","false","pdf-and-musicxml","-72","https://zenodo.org/records/15470412","https://github.com/MTG/SymbTr","Evcara Sarki Gel Ey Dede Efendi nota","https://duckduckgo.com/?q=Evcara+Sarki+Gel+Ey+Dede+Efendi+nota","Evcara Sarki Gel Ey Dede Efendi site:neyzen.com nota | Evcara Sarki Gel Ey Dede Efendi site:defteriniz.com nota | Evcara Sarki Gel Ey Dede Efendi site:turksanatmuzigi.org nota","https://duckduckgo.com/?q=Evcara+Sarki+Gel+Ey+Dede+Efendi+site%3Aneyzen.com+nota | https://duckduckgo.com/?q=Evcara+Sarki+Gel+Ey+Dede+Efendi+site%3Adefteriniz.com+nota | https://duckduckgo.com/?q=Evcara+Sarki+Gel+Ey+Dede+Efendi+site%3Aturksanatmuzigi.org+nota","Evcara Sarki Gel Ey Dede Efendi icra kayıt YouTube","https://www.youtube.com/results?search_query=Evcara+Sarki+Gel+Ey+Dede+Efendi+icra+kay%C4%B1t+YouTube"
"evcara--sarki--aksak--sen_hangi--ozgen_gurbuz","Evcara","Sarki","Aksak","Sen Hangi","Ozgen Gurbuz","txt|mid|xml|mu2|pdf","true","true","true","true","false","true","","","","false","pdf-and-musicxml","-72","https://zenodo.org/records/15470412","https://github.com/MTG/SymbTr","Evcara Sarki Sen Hangi Ozgen Gurbuz nota","https://duckduckgo.com/?q=Evcara+Sarki+Sen+Hangi+Ozgen+Gurbuz+nota","Evcara Sarki Sen Hangi Ozgen Gurbuz site:neyzen.com nota | Evcara Sarki Sen Hangi Ozgen Gurbuz site:defteriniz.com nota | Evcara Sarki Sen Hangi Ozgen Gurbuz site:turksanatmuzigi.org nota","https://duckduckgo.com/?q=Evcara+Sarki+Sen+Hangi+Ozgen+Gurbuz+site%3Aneyzen.com+nota | https://duckduckgo.com/?q=Evcara+Sarki+Sen+Hangi+Ozgen+Gurbuz+site%3Adefteriniz.com+nota | https://duckduckgo.com/?q=Evcara+Sarki+Sen+Hangi+Ozgen+Gurbuz+site%3Aturksanatmuzigi.org+nota","Evcara Sarki Sen Hangi Ozgen Gurbuz icra kayıt YouTube","https://www.youtube.com/results?search_query=Evcara+Sarki+Sen+Hangi+Ozgen+Gurbuz+icra+kay%C4%B1t+YouTube"
"evic--sarki--sofyan--distan_viran--fahri_kopuz","Evic","Sarki","Sofyan","Distan Viran","Fahri Kopuz","txt|mid|xml|mu2|pdf","true","true","true","true","false","true","","","","false","pdf-and-musicxml","-72","https://zenodo.org/records/15470412","https://github.com/MTG/SymbTr","Evic Sarki Distan Viran Fahri Kopuz nota","https://duckduckgo.com/?q=Evic+Sarki+Distan+Viran+Fahri+Kopuz+nota","Evic Sarki Distan Viran Fahri Kopuz site:neyzen.com nota | Evic Sarki Distan Viran Fahri Kopuz site:defteriniz.com nota | Evic Sarki Distan Viran Fahri Kopuz site:turksanatmuzigi.org nota","https://duckduckgo.com/?q=Evic+Sarki+Distan+Viran+Fahri+Kopuz+site%3Aneyzen.com+nota | https://duckduckgo.com/?q=Evic+Sarki+Distan+Viran+Fahri+Kopuz+site%3Adefteriniz.com+nota | https://duckduckgo.com/?q=Evic+Sarki+Distan+Viran+Fahri+Kopuz+site%3Aturksanatmuzigi.org+nota","Evic Sarki Distan Viran Fahri Kopuz icra kayıt YouTube","https://www.youtube.com/results?search_query=Evic+Sarki+Distan+Viran+Fahri+Kopuz+icra+kay%C4%B1t+YouTube"
"evic--sarki--duyek--doguyor_omrume--sadettin_kaynak","Evic","Sarki","Duyek","Doguyor Omrume","Sadettin Kaynak","txt|mid|xml|mu2|pdf","true","true","true","true","false","true","","","","false","pdf-and-musicxml","-72","https://zenodo.org/records/15470412","https://github.com/MTG/SymbTr","Evic Sarki Doguyor Omrume Sadettin Kaynak nota","https://duckduckgo.com/?q=Evic+Sarki+Doguyor+Omrume+Sadettin+Kaynak+nota","Evic Sarki Doguyor Omrume Sadettin Kaynak site:neyzen.com nota | Evic Sarki Doguyor Omrume Sadettin Kaynak site:defteriniz.com nota | Evic Sarki Doguyor Omrume Sadettin Kaynak site:turksanatmuzigi.org nota","https://duckduckgo.com/?q=Evic+Sarki+Doguyor+Omrume+Sadettin+Kaynak+site%3Aneyzen.com+nota | https://duckduckgo.com/?q=Evic+Sarki+Doguyor+Omrume+Sadettin+Kaynak+site%3Adefteriniz.com+nota | https://duckduckgo.com/?q=Evic+Sarki+Doguyor+Omrume+Sadettin+Kaynak+site%3Aturksanatmuzigi.org+nota","Evic Sarki Doguyor Omrume Sadettin Kaynak icra kayıt YouTube","https://www.youtube.com/results?search_query=Evic+Sarki+Doguyor+Omrume+Sadettin+Kaynak+icra+kay%C4%B1t+YouTube"
"evic--sarki--aksak--sen_boyle--omer_sami_gupgup","Evic","Sarki","Aksak","Sen Boyle","Omer Sami Gupgup","txt|mid|xml|mu2|pdf","true","true","true","true","false","true","","","","false","pdf-and-musicxml","-72","https://zenodo.org/records/15470412","https://github.com/MTG/SymbTr","Evic Sarki Sen Boyle Omer Sami Gupgup nota","https://duckduckgo.com/?q=Evic+Sarki+Sen+Boyle+Omer+Sami+Gupgup+nota","Evic Sarki Sen Boyle Omer Sami Gupgup site:neyzen.com nota | Evic Sarki Sen Boyle Omer Sami Gupgup site:defteriniz.com nota | Evic Sarki Sen Boyle Omer Sami Gupgup site:turksanatmuzigi.org nota","https://duckduckgo.com/?q=Evic+Sarki+Sen+Boyle+Omer+Sami+Gupgup+site%3Aneyzen.com+nota | https://duckduckgo.com/?q=Evic+Sarki+Sen+Boyle+Omer+Sami+Gupgup+site%3Adefteriniz.com+nota | https://duckduckgo.com/?q=Evic+Sarki+Sen+Boyle+Omer+Sami+Gupgup+site%3Aturksanatmuzigi.org+nota","Evic Sarki Sen Boyle Omer Sami Gupgup icra kayıt YouTube","https://www.youtube.com/results?search_query=Evic+Sarki+Sen+Boyle+Omer+Sami+Gupgup+icra+kay%C4%B1t+YouTube"
"evic--sarki--aksak--sevdim_bir_gonca-i_rana--dede_efendi","Evic","Sarki","Aksak","Sevdim Bir Gonca İ Rana","Dede Efendi","txt|mid|xml|mu2|pdf","true","true","true","true","false","true","","","","false","pdf-and-musicxml","-72","https://zenodo.org/records/15470412","https://github.com/MTG/SymbTr","Evic Sarki Sevdim Bir Gonca İ Rana Dede Efendi nota","https://duckduckgo.com/?q=Evic+Sarki+Sevdim+Bir+Gonca+%C4%B0+Rana+Dede+Efendi+nota","Evic Sarki Sevdim Bir Gonca İ Rana Dede Efendi site:neyzen.com nota | Evic Sarki Sevdim Bir Gonca İ Rana Dede Efendi site:defteriniz.com nota | Evic Sarki Sevdim Bir Gonca İ Rana Dede Efendi site:turksanatmuzigi.org nota","https://duckduckgo.com/?q=Evic+Sarki+Sevdim+Bir+Gonca+%C4%B0+Rana+Dede+Efendi+site%3Aneyzen.com+nota | https://duckduckgo.com/?q=Evic+Sarki+Sevdim+Bir+Gonca+%C4%B0+Rana+Dede+Efendi+site%3Adefteriniz.com+nota | https://duckduckgo.com/?q=Evic+Sarki+Sevdim+Bir+Gonca+%C4%B0+Rana+Dede+Efendi+site%3Aturksanatmuzigi.org+nota","Evic Sarki Sevdim Bir Gonca İ Rana Dede Efendi icra kayıt YouTube","https://www.youtube.com/results?search_query=Evic+Sarki+Sevdim+Bir+Gonca+%C4%B0+Rana+Dede+Efendi+icra+kay%C4%B1t+YouTube"
"ferahnak--sarki--aksak--ben_muptela--dede_efendi","Ferahnak","Sarki","Aksak","Ben Muptela","Dede Efendi","txt|mid|xml|mu2|pdf","true","true","true","true","false","true","","","","false","pdf-and-musicxml","-72","https://zenodo.org/records/15470412","https://github.com/MTG/SymbTr","Ferahnak Sarki Ben Muptela Dede Efendi nota","https://duckduckgo.com/?q=Ferahnak+Sarki+Ben+Muptela+Dede+Efendi+nota","Ferahnak Sarki Ben Muptela Dede Efendi site:neyzen.com nota | Ferahnak Sarki Ben Muptela Dede Efendi site:defteriniz.com nota | Ferahnak Sarki Ben Muptela Dede Efendi site:turksanatmuzigi.org nota","https://duckduckgo.com/?q=Ferahnak+Sarki+Ben+Muptela+Dede+Efendi+site%3Aneyzen.com+nota | https://duckduckgo.com/?q=Ferahnak+Sarki+Ben+Muptela+Dede+Efendi+site%3Adefteriniz.com+nota | https://duckduckgo.com/?q=Ferahnak+Sarki+Ben+Muptela+Dede+Efendi+site%3Aturksanatmuzigi.org+nota","Ferahnak Sarki Ben Muptela Dede Efendi icra kayıt YouTube","https://www.youtube.com/results?search_query=Ferahnak+Sarki+Ben+Muptela+Dede+Efendi+icra+kay%C4%B1t+YouTube"
"ferahnak--sarki--aksak--bir_nigahin--tanburi_cemil_bey","Ferahnak","Sarki","Aksak","Bir Nigahin","Tanburi Cemil Bey","txt|mid|xml|mu2|pdf","true","true","true","true","false","true","","","","false","pdf-and-musicxml","-72","https://zenodo.org/records/15470412","https://github.com/MTG/SymbTr","Ferahnak Sarki Bir Nigahin Tanburi Cemil Bey nota","https://duckduckgo.com/?q=Ferahnak+Sarki+Bir+Nigahin+Tanburi+Cemil+Bey+nota","Ferahnak Sarki Bir Nigahin Tanburi Cemil Bey site:neyzen.com nota | Ferahnak Sarki Bir Nigahin Tanburi Cemil Bey site:defteriniz.com nota | Ferahnak Sarki Bir Nigahin Tanburi Cemil Bey site:turksanatmuzigi.org nota","https://duckduckgo.com/?q=Ferahnak+Sarki+Bir+Nigahin+Tanburi+Cemil+Bey+site%3Aneyzen.com+nota | https://duckduckgo.com/?q=Ferahnak+Sarki+Bir+Nigahin+Tanburi+Cemil+Bey+site%3Adefteriniz.com+nota | https://duckduckgo.com/?q=Ferahnak+Sarki+Bir+Nigahin+Tanburi+Cemil+Bey+site%3Aturksanatmuzigi.org+nota","Ferahnak Sarki Bir Nigahin Tanburi Cemil Bey icra kayıt YouTube","https://www.youtube.com/results?search_query=Ferahnak+Sarki+Bir+Nigahin+Tanburi+Cemil+Bey+icra+kay%C4%B1t+YouTube"
"ferahnak--sarki--aksak--gozlerinden_dokulen--gulen_ertek","Ferahnak","Sarki","Aksak","Gozlerinden Dokulen","Gulen Ertek","txt|mid|xml|mu2|pdf","true","true","true","true","false","true","","","","false","pdf-and-musicxml","-72","https://zenodo.org/records/15470412","https://github.com/MTG/SymbTr","Ferahnak Sarki Gozlerinden Dokulen Gulen Ertek nota","https://duckduckgo.com/?q=Ferahnak+Sarki+Gozlerinden+Dokulen+Gulen+Ertek+nota","Ferahnak Sarki Gozlerinden Dokulen Gulen Ertek site:neyzen.com nota | Ferahnak Sarki Gozlerinden Dokulen Gulen Ertek site:defteriniz.com nota | Ferahnak Sarki Gozlerinden Dokulen Gulen Ertek site:turksanatmuzigi.org nota","https://duckduckgo.com/?q=Ferahnak+Sarki+Gozlerinden+Dokulen+Gulen+Ertek+site%3Aneyzen.com+nota | https://duckduckgo.com/?q=Ferahnak+Sarki+Gozlerinden+Dokulen+Gulen+Ertek+site%3Adefteriniz.com+nota | https://duckduckgo.com/?q=Ferahnak+Sarki+Gozlerinden+Dokulen+Gulen+Ertek+site%3Aturksanatmuzigi.org+nota","Ferahnak Sarki Gozlerinden Dokulen Gulen Ertek icra kayıt YouTube","https://www.youtube.com/results?search_query=Ferahnak+Sarki+Gozlerinden+Dokulen+Gulen+Ertek+icra+kay%C4%B1t+YouTube"
